festival,year,start,end,network_effect_pct
Chinese New Year,2023,2023-01-21,2023-01-28,-22.6
Chinese New Year,2024,2024-02-09,2024-02-16,-10.4
Chinese New Year,2025,2025-01-28,2025-02-04,-16.3
Chinese New Year,2026,2026-02-16,2026-02-23,-29.2
Christmas and New Year,2023,2023-12-24,2024-01-01,-4.4
Christmas and New Year,2024,2024-12-24,2025-01-01,-7.9
Christmas and New Year,2025,2025-12-24,2026-01-01,-7.0
Deepavali,2023,2023-11-11,2023-11-13,-3.9
Deepavali,2024,2024-10-30,2024-11-01,-13.3
Deepavali,2025,2025-10-19,2025-10-21,-11.9
Hari Raya Aidilfitri,2023,2023-04-21,2023-04-28,-21.9
Hari Raya Aidilfitri,2024,2024-04-09,2024-04-16,-18.8
Hari Raya Aidilfitri,2025,2025-03-30,2025-04-06,-23.1
Hari Raya Aidilfitri,2026,2026-03-20,2026-03-27,-21.0
Hari Raya Haji,2023,2023-06-29,2023-06-29,-35.8
Hari Raya Haji,2024,2024-06-17,2024-06-17,-35.9
Hari Raya Haji,2025,2025-06-07,2025-06-07,-7.4
Hari Raya Haji,2026,2026-05-27,2026-05-27,-39.2
National Day (Merdeka),2023,2023-08-31,2023-08-31,-18.8
National Day (Merdeka),2024,2024-08-31,2024-08-31,11.0
National Day (Merdeka),2025,2025-08-31,2025-08-31,22.9
National Day (Merdeka),2026,2026-08-31,2026-08-31,-29.3
Other public holidays,2023,2023-02-01,2023-02-01,-44.9
Other public holidays,2023,2023-02-05,2023-02-05,1.0
Other public holidays,2023,2023-02-06,2023-02-06,-47.9
Other public holidays,2023,2023-04-08,2023-04-08,5.4
Other public holidays,2023,2023-05-01,2023-05-01,-40.7
Other public holidays,2023,2023-05-04,2023-05-04,-42.7
Other public holidays,2023,2023-06-05,2023-06-05,-38.8
Other public holidays,2023,2023-07-19,2023-07-19,-42.1
Other public holidays,2023,2023-09-16,2023-09-16,17.2
Other public holidays,2023,2023-09-28,2023-09-28,-36.8
Other public holidays,2023,2023-12-11,2023-12-11,-19.1
Other public holidays,2024,2024-01-25,2024-01-25,-35.6
Other public holidays,2024,2024-02-01,2024-02-01,-36.9
Other public holidays,2024,2024-03-28,2024-03-28,-37.5
Other public holidays,2024,2024-05-01,2024-05-01,-33.3
Other public holidays,2024,2024-05-22,2024-05-22,-38.3
Other public holidays,2024,2024-06-03,2024-06-03,-37.1
Other public holidays,2024,2024-07-07,2024-07-07,16.8
Other public holidays,2024,2024-09-16,2024-09-16,-26.8
Other public holidays,2024,2024-12-11,2024-12-11,-17.4
Other public holidays,2025,2025-02-11,2025-02-11,-37.0
Other public holidays,2025,2025-03-18,2025-03-18,-42.2
Other public holidays,2025,2025-05-01,2025-05-01,-31.2
Other public holidays,2025,2025-05-12,2025-05-12,-38.2
Other public holidays,2025,2025-06-02,2025-06-02,-34.1
Other public holidays,2025,2025-06-27,2025-06-27,-37.6
Other public holidays,2025,2025-09-01,2025-09-01,-40.7
Other public holidays,2025,2025-09-05,2025-09-05,-36.7
Other public holidays,2025,2025-09-15,2025-09-15,-26.5
Other public holidays,2025,2025-09-16,2025-09-16,-38.2
Other public holidays,2025,2025-12-11,2025-12-11,-19.1
Other public holidays,2026,2026-02-01,2026-02-01,22.4
Other public holidays,2026,2026-02-02,2026-02-02,-41.5
Other public holidays,2026,2026-03-07,2026-03-07,-1.7
Other public holidays,2026,2026-05-01,2026-05-01,-22.4
Other public holidays,2026,2026-05-31,2026-05-31,14.1
Other public holidays,2026,2026-06-01,2026-06-01,-32.1
Other public holidays,2026,2026-06-02,2026-06-02,-40.4
Other public holidays,2026,2026-06-17,2026-06-17,-46.0
Other public holidays,2026,2026-08-25,2026-08-25,-42.7
Other public holidays,2026,2026-09-16,2026-09-16,-34.6
