station,day_type,hour,entries,exits
Abdullah Hukum,weekend_holiday,0,0.65,0.0
Abdullah Hukum,weekend_holiday,6,4.39,5.32
Abdullah Hukum,weekend_holiday,7,5.0,16.39
Abdullah Hukum,weekend_holiday,8,2.71,34.45
Abdullah Hukum,weekend_holiday,9,1.55,9.74
Abdullah Hukum,weekend_holiday,10,1.55,5.45
Abdullah Hukum,weekend_holiday,11,7.61,14.65
Abdullah Hukum,weekend_holiday,12,0.32,0.23
Abdullah Hukum,weekend_holiday,13,0.13,0.23
Abdullah Hukum,weekend_holiday,14,0.26,0.23
Abdullah Hukum,weekend_holiday,15,0.03,0.32
Abdullah Hukum,weekend_holiday,16,1.0,0.71
Abdullah Hukum,weekend_holiday,17,6.16,2.52
Abdullah Hukum,weekend_holiday,18,24.32,4.87
Abdullah Hukum,weekend_holiday,19,17.42,3.68
Abdullah Hukum,weekend_holiday,20,12.0,2.97
Abdullah Hukum,weekend_holiday,21,10.03,1.9
Abdullah Hukum,weekend_holiday,22,16.0,1.48
Abdullah Hukum,weekend_holiday,23,5.19,0.16
Abdullah Hukum,working,0,0.64,0.03
Abdullah Hukum,working,2,0.02,0.02
Abdullah Hukum,working,4,0.02,0.07
Abdullah Hukum,working,5,0.03,0.69
Abdullah Hukum,working,6,15.03,21.75
Abdullah Hukum,working,7,4.07,199.75
Abdullah Hukum,working,8,3.05,287.46
Abdullah Hukum,working,9,3.77,93.43
Abdullah Hukum,working,10,1.03,10.54
Abdullah Hukum,working,11,14.72,21.02
Abdullah Hukum,working,12,0.23,0.03
Abdullah Hukum,working,13,0.13,0.1
Abdullah Hukum,working,14,0.07,0.16
Abdullah Hukum,working,15,0.18,0.08
Abdullah Hukum,working,16,1.23,0.1
Abdullah Hukum,working,17,90.72,3.61
Abdullah Hukum,working,18,199.33,8.98
Abdullah Hukum,working,19,161.75,3.48
Abdullah Hukum,working,20,72.62,4.9
Abdullah Hukum,working,21,31.03,1.34
Abdullah Hukum,working,22,21.54,1.51
Abdullah Hukum,working,23,5.8,0.08
Angkasapuri,weekend_holiday,6,0.29,0.29
Angkasapuri,weekend_holiday,7,0.29,1.1
Angkasapuri,weekend_holiday,8,0.61,2.55
Angkasapuri,weekend_holiday,9,0.42,0.48
Angkasapuri,weekend_holiday,10,0.29,0.19
Angkasapuri,weekend_holiday,11,0.16,0.48
Angkasapuri,weekend_holiday,13,0.06,0.06
Angkasapuri,weekend_holiday,17,0.32,0.48
Angkasapuri,weekend_holiday,18,2.42,1.1
Angkasapuri,weekend_holiday,19,0.55,0.74
Angkasapuri,weekend_holiday,20,0.32,0.81
Angkasapuri,weekend_holiday,21,0.42,0.32
Angkasapuri,weekend_holiday,22,0.03,0.19
Angkasapuri,working,6,0.43,0.79
Angkasapuri,working,7,0.7,4.28
Angkasapuri,working,8,0.82,6.85
Angkasapuri,working,9,0.61,1.07
Angkasapuri,working,10,1.05,0.28
Angkasapuri,working,11,0.26,0.51
Angkasapuri,working,14,0.02,0.07
Angkasapuri,working,15,0.02,0.15
Angkasapuri,working,16,0.34,0.51
Angkasapuri,working,17,4.9,0.85
Angkasapuri,working,18,5.49,2.59
Angkasapuri,working,19,1.46,0.92
Angkasapuri,working,20,0.54,0.89
Angkasapuri,working,21,0.84,0.15
Angkasapuri,working,22,0.07,0.18
Bandar Tasek Selatan,weekend_holiday,0,0.45,0.84
Bandar Tasek Selatan,weekend_holiday,2,0.06,0.16
Bandar Tasek Selatan,weekend_holiday,4,0.13,0.16
Bandar Tasek Selatan,weekend_holiday,5,0.29,1.74
Bandar Tasek Selatan,weekend_holiday,6,10.71,19.23
Bandar Tasek Selatan,weekend_holiday,7,12.03,16.1
Bandar Tasek Selatan,weekend_holiday,8,11.1,35.84
Bandar Tasek Selatan,weekend_holiday,9,9.68,33.23
Bandar Tasek Selatan,weekend_holiday,10,4.97,5.58
Bandar Tasek Selatan,weekend_holiday,11,12.68,9.58
Bandar Tasek Selatan,weekend_holiday,12,2.61,2.9
Bandar Tasek Selatan,weekend_holiday,13,2.29,3.29
Bandar Tasek Selatan,weekend_holiday,14,2.84,2.39
Bandar Tasek Selatan,weekend_holiday,15,3.45,4.74
Bandar Tasek Selatan,weekend_holiday,16,4.48,3.0
Bandar Tasek Selatan,weekend_holiday,17,8.1,4.0
Bandar Tasek Selatan,weekend_holiday,18,14.32,12.87
Bandar Tasek Selatan,weekend_holiday,19,25.65,16.19
Bandar Tasek Selatan,weekend_holiday,20,37.58,1.74
Bandar Tasek Selatan,weekend_holiday,21,13.45,1.16
Bandar Tasek Selatan,weekend_holiday,22,2.16,0.81
Bandar Tasek Selatan,weekend_holiday,23,0.84,1.35
Bandar Tasek Selatan,working,0,0.21,0.59
Bandar Tasek Selatan,working,1,0.13,0.25
Bandar Tasek Selatan,working,2,0.03,0.1
Bandar Tasek Selatan,working,3,0.03,0.16
Bandar Tasek Selatan,working,4,0.1,0.3
Bandar Tasek Selatan,working,5,0.2,4.1
Bandar Tasek Selatan,working,6,24.11,30.62
Bandar Tasek Selatan,working,7,35.98,191.13
Bandar Tasek Selatan,working,8,69.7,100.85
Bandar Tasek Selatan,working,9,34.05,4.75
Bandar Tasek Selatan,working,10,1.03,1.07
Bandar Tasek Selatan,working,11,11.54,12.1
Bandar Tasek Selatan,working,12,1.21,1.72
Bandar Tasek Selatan,working,13,1.28,1.51
Bandar Tasek Selatan,working,14,2.05,1.59
Bandar Tasek Selatan,working,15,4.03,3.2
Bandar Tasek Selatan,working,16,10.16,4.41
Bandar Tasek Selatan,working,17,28.3,21.79
Bandar Tasek Selatan,working,18,48.61,77.92
Bandar Tasek Selatan,working,19,87.56,55.38
Bandar Tasek Selatan,working,20,84.57,1.7
Bandar Tasek Selatan,working,21,19.89,0.89
Bandar Tasek Selatan,working,22,1.25,0.54
Bandar Tasek Selatan,working,23,0.25,0.16
Bangi,weekend_holiday,0,0.13,0.03
Bangi,weekend_holiday,1,0.13,0.0
Bangi,weekend_holiday,5,0.03,0.23
Bangi,weekend_holiday,6,7.13,5.61
Bangi,weekend_holiday,7,6.61,5.35
Bangi,weekend_holiday,8,22.16,2.55
Bangi,weekend_holiday,9,17.42,1.26
Bangi,weekend_holiday,10,3.42,1.23
Bangi,weekend_holiday,11,3.84,4.77
Bangi,weekend_holiday,12,0.39,0.65
Bangi,weekend_holiday,13,0.26,0.77
Bangi,weekend_holiday,14,0.29,0.94
Bangi,weekend_holiday,15,0.74,0.74
Bangi,weekend_holiday,16,0.39,1.97
Bangi,weekend_holiday,17,0.26,3.52
Bangi,weekend_holiday,18,0.77,4.45
Bangi,weekend_holiday,19,1.68,24.68
Bangi,weekend_holiday,20,2.06,18.16
Bangi,weekend_holiday,21,1.55,0.84
Bangi,weekend_holiday,22,0.16,0.84
Bangi,working,0,0.08,0.05
Bangi,working,1,0.05,0.05
Bangi,working,2,0.05,0.02
Bangi,working,4,0.02,0.03
Bangi,working,5,0.62,0.2
Bangi,working,6,43.33,14.39
Bangi,working,7,205.13,2.28
Bangi,working,8,164.13,2.77
Bangi,working,9,28.16,0.85
Bangi,working,10,0.59,0.23
Bangi,working,11,5.23,5.56
Bangi,working,12,0.2,0.33
Bangi,working,13,0.16,0.43
Bangi,working,14,0.2,0.9
Bangi,working,15,0.46,2.0
Bangi,working,16,0.57,3.16
Bangi,working,17,2.03,46.1
Bangi,working,18,3.46,18.41
Bangi,working,19,2.69,231.9
Bangi,working,20,3.41,107.72
Bangi,working,21,1.15,1.98
Bangi,working,22,0.18,0.28
Bangi,working,23,0.15,0.07
Bank Negara,weekend_holiday,0,0.52,0.03
Bank Negara,weekend_holiday,5,0.03,0.29
Bank Negara,weekend_holiday,6,8.39,13.48
Bank Negara,weekend_holiday,7,8.84,18.29
Bank Negara,weekend_holiday,8,14.06,23.29
Bank Negara,weekend_holiday,9,13.84,22.42
Bank Negara,weekend_holiday,10,20.94,25.55
Bank Negara,weekend_holiday,11,36.39,59.35
Bank Negara,weekend_holiday,12,19.94,25.87
Bank Negara,weekend_holiday,13,19.65,26.39
Bank Negara,weekend_holiday,14,16.26,22.45
Bank Negara,weekend_holiday,15,16.94,21.65
Bank Negara,weekend_holiday,16,16.19,15.74
Bank Negara,weekend_holiday,17,21.87,12.55
Bank Negara,weekend_holiday,18,16.74,12.84
Bank Negara,weekend_holiday,19,17.0,8.48
Bank Negara,weekend_holiday,20,14.13,7.74
Bank Negara,weekend_holiday,21,7.74,4.19
Bank Negara,weekend_holiday,22,4.55,2.13
Bank Negara,weekend_holiday,23,3.1,2.16
Bank Negara,working,0,0.51,0.08
Bank Negara,working,1,0.1,0.02
Bank Negara,working,2,0.05,0.0
Bank Negara,working,4,0.05,0.38
Bank Negara,working,5,0.05,2.66
Bank Negara,working,6,18.67,56.69
Bank Negara,working,7,8.3,166.64
Bank Negara,working,8,12.95,274.59
Bank Negara,working,9,14.92,53.57
Bank Negara,working,10,13.31,20.9
Bank Negara,working,11,36.31,52.87
Bank Negara,working,12,11.43,20.21
Bank Negara,working,13,13.48,19.3
Bank Negara,working,14,14.33,13.67
Bank Negara,working,15,18.26,12.66
Bank Negara,working,16,30.34,10.1
Bank Negara,working,17,87.56,11.61
Bank Negara,working,18,169.7,13.75
Bank Negara,working,19,153.2,7.41
Bank Negara,working,20,75.34,5.21
Bank Negara,working,21,20.92,3.41
Bank Negara,working,22,5.87,1.08
Bank Negara,working,23,3.31,1.89
Batang Benar,weekend_holiday,0,0.13,0.03
Batang Benar,weekend_holiday,1,0.13,0.0
Batang Benar,weekend_holiday,2,0.06,0.0
Batang Benar,weekend_holiday,4,0.03,0.0
Batang Benar,weekend_holiday,5,0.39,0.06
Batang Benar,weekend_holiday,6,6.29,3.39
Batang Benar,weekend_holiday,7,9.52,2.19
Batang Benar,weekend_holiday,8,22.45,0.16
Batang Benar,weekend_holiday,9,17.87,0.29
Batang Benar,weekend_holiday,10,3.06,0.52
Batang Benar,weekend_holiday,11,1.58,2.68
Batang Benar,weekend_holiday,12,0.19,0.55
Batang Benar,weekend_holiday,13,0.26,0.55
Batang Benar,weekend_holiday,14,0.26,0.87
Batang Benar,weekend_holiday,15,0.61,1.26
Batang Benar,weekend_holiday,16,0.1,2.0
Batang Benar,weekend_holiday,18,0.16,5.0
Batang Benar,weekend_holiday,19,0.1,16.81
Batang Benar,weekend_holiday,20,0.13,26.32
Batang Benar,weekend_holiday,21,0.1,1.9
Batang Benar,weekend_holiday,22,0.23,0.71
Batang Benar,weekend_holiday,23,0.13,0.13
Batang Benar,working,0,0.41,0.03
Batang Benar,working,1,0.03,0.0
Batang Benar,working,2,0.05,0.0
Batang Benar,working,4,0.05,0.0
Batang Benar,working,5,0.64,0.0
Batang Benar,working,6,25.46,5.56
Batang Benar,working,7,90.97,0.05
Batang Benar,working,8,72.61,0.07
Batang Benar,working,9,11.34,0.26
Batang Benar,working,10,0.25,0.18
Batang Benar,working,11,2.07,2.33
Batang Benar,working,14,0.07,0.69
Batang Benar,working,16,0.03,2.31
Batang Benar,working,17,0.08,17.2
Batang Benar,working,18,0.11,17.28
Batang Benar,working,19,0.11,84.28
Batang Benar,working,20,0.03,69.21
Batang Benar,working,21,0.11,2.93
Batang Benar,working,22,0.08,0.31
Batang Benar,working,23,0.05,0.02
Batang Kali,weekend_holiday,0,0.1,4.29
Batang Kali,weekend_holiday,1,0.13,0.0
Batang Kali,weekend_holiday,2,0.06,0.0
Batang Kali,weekend_holiday,5,0.19,0.03
Batang Kali,weekend_holiday,6,15.77,9.06
Batang Kali,weekend_holiday,7,21.13,5.39
Batang Kali,weekend_holiday,8,20.71,4.71
Batang Kali,weekend_holiday,9,27.23,4.9
Batang Kali,weekend_holiday,10,27.35,5.52
Batang Kali,weekend_holiday,11,27.23,11.42
Batang Kali,weekend_holiday,12,15.13,8.26
Batang Kali,weekend_holiday,13,15.97,9.32
Batang Kali,weekend_holiday,14,14.77,11.29
Batang Kali,weekend_holiday,15,12.29,14.74
Batang Kali,weekend_holiday,16,12.29,14.52
Batang Kali,weekend_holiday,17,14.13,15.9
Batang Kali,weekend_holiday,18,12.39,23.68
Batang Kali,weekend_holiday,19,8.23,28.45
Batang Kali,weekend_holiday,20,7.06,22.55
Batang Kali,weekend_holiday,21,5.06,18.48
Batang Kali,weekend_holiday,22,3.13,13.97
Batang Kali,weekend_holiday,23,0.55,7.81
Batang Kali,working,2,0.1,0.0
Batang Kali,working,5,1.21,0.15
Batang Kali,working,6,52.13,12.23
Batang Kali,working,7,108.18,2.25
Batang Kali,working,8,98.38,4.95
Batang Kali,working,9,27.8,4.82
Batang Kali,working,10,15.57,2.93
Batang Kali,working,11,16.1,7.82
Batang Kali,working,12,8.11,4.52
Batang Kali,working,13,9.0,7.79
Batang Kali,working,14,6.97,8.41
Batang Kali,working,15,7.33,10.28
Batang Kali,working,16,6.13,12.25
Batang Kali,working,17,6.43,19.13
Batang Kali,working,18,8.13,72.93
Batang Kali,working,19,5.56,119.23
Batang Kali,working,20,4.23,43.9
Batang Kali,working,21,3.02,27.79
Batang Kali,working,22,1.33,13.48
Batang Kali,working,23,0.36,7.7
Batu Caves,weekend_holiday,1,0.03,0.16
Batu Caves,weekend_holiday,3,0.03,0.0
Batu Caves,weekend_holiday,4,0.03,0.13
Batu Caves,weekend_holiday,5,0.16,1.06
Batu Caves,weekend_holiday,6,19.84,25.45
Batu Caves,weekend_holiday,7,26.87,38.35
Batu Caves,weekend_holiday,8,34.68,99.29
Batu Caves,weekend_holiday,9,49.94,112.35
Batu Caves,weekend_holiday,10,83.16,152.65
Batu Caves,weekend_holiday,11,258.29,205.9
Batu Caves,weekend_holiday,12,151.29,101.94
Batu Caves,weekend_holiday,13,154.94,102.74
Batu Caves,weekend_holiday,14,133.77,69.61
Batu Caves,weekend_holiday,15,114.48,69.52
Batu Caves,weekend_holiday,16,95.61,58.03
Batu Caves,weekend_holiday,17,88.61,54.94
Batu Caves,weekend_holiday,18,79.48,42.0
Batu Caves,weekend_holiday,19,59.71,33.06
Batu Caves,weekend_holiday,20,46.48,22.06
Batu Caves,weekend_holiday,21,19.87,20.71
Batu Caves,weekend_holiday,22,4.77,11.29
Batu Caves,weekend_holiday,23,0.42,15.26
Batu Caves,working,0,0.05,0.59
Batu Caves,working,1,0.05,0.15
Batu Caves,working,4,0.02,0.1
Batu Caves,working,5,0.33,1.62
Batu Caves,working,6,43.64,40.2
Batu Caves,working,7,128.15,36.03
Batu Caves,working,8,211.15,78.93
Batu Caves,working,9,88.03,100.41
Batu Caves,working,10,65.77,101.13
Batu Caves,working,11,207.05,179.03
Batu Caves,working,12,108.93,67.11
Batu Caves,working,13,100.28,59.98
Batu Caves,working,14,78.34,53.1
Batu Caves,working,15,63.51,52.26
Batu Caves,working,16,62.2,44.1
Batu Caves,working,17,65.72,105.23
Batu Caves,working,18,62.3,95.18
Batu Caves,working,19,45.41,140.08
Batu Caves,working,20,22.28,62.16
Batu Caves,working,21,11.33,30.25
Batu Caves,working,22,2.31,11.38
Batu Caves,working,23,0.23,13.56
Batu Kentonmen,weekend_holiday,0,0.06,0.0
Batu Kentonmen,weekend_holiday,6,0.68,0.74
Batu Kentonmen,weekend_holiday,7,3.0,0.77
Batu Kentonmen,weekend_holiday,8,4.94,0.45
Batu Kentonmen,weekend_holiday,9,1.71,1.29
Batu Kentonmen,weekend_holiday,10,1.06,1.03
Batu Kentonmen,weekend_holiday,11,2.26,1.19
Batu Kentonmen,weekend_holiday,12,1.61,0.45
Batu Kentonmen,weekend_holiday,13,1.84,1.06
Batu Kentonmen,weekend_holiday,14,0.74,0.84
Batu Kentonmen,weekend_holiday,15,0.52,1.23
Batu Kentonmen,weekend_holiday,16,0.87,0.81
Batu Kentonmen,weekend_holiday,17,1.77,3.16
Batu Kentonmen,weekend_holiday,18,1.87,3.03
Batu Kentonmen,weekend_holiday,19,0.52,1.58
Batu Kentonmen,weekend_holiday,20,0.45,1.45
Batu Kentonmen,weekend_holiday,21,0.71,1.87
Batu Kentonmen,weekend_holiday,22,0.1,1.52
Batu Kentonmen,weekend_holiday,23,0.03,0.84
Batu Kentonmen,working,5,0.02,0.03
Batu Kentonmen,working,6,1.34,1.07
Batu Kentonmen,working,7,5.51,3.38
Batu Kentonmen,working,8,12.92,3.38
Batu Kentonmen,working,9,10.31,0.84
Batu Kentonmen,working,10,1.57,0.62
Batu Kentonmen,working,11,2.31,1.57
Batu Kentonmen,working,12,0.52,0.67
Batu Kentonmen,working,13,1.21,1.3
Batu Kentonmen,working,14,0.43,0.85
Batu Kentonmen,working,15,0.87,1.56
Batu Kentonmen,working,16,1.28,1.97
Batu Kentonmen,working,17,5.2,10.25
Batu Kentonmen,working,18,2.1,10.03
Batu Kentonmen,working,19,2.05,4.05
Batu Kentonmen,working,20,1.2,2.56
Batu Kentonmen,working,21,0.7,1.05
Batu Kentonmen,working,22,0.07,1.38
Batu Kentonmen,working,23,0.03,1.44
Batu Tiga,weekend_holiday,0,0.1,0.06
Batu Tiga,weekend_holiday,1,0.03,0.03
Batu Tiga,weekend_holiday,4,0.03,0.0
Batu Tiga,weekend_holiday,5,0.13,0.0
Batu Tiga,weekend_holiday,6,3.13,2.84
Batu Tiga,weekend_holiday,7,4.19,4.0
Batu Tiga,weekend_holiday,8,8.23,2.42
Batu Tiga,weekend_holiday,9,4.87,3.39
Batu Tiga,weekend_holiday,10,4.61,1.42
Batu Tiga,weekend_holiday,11,3.55,2.19
Batu Tiga,weekend_holiday,12,0.45,0.32
Batu Tiga,weekend_holiday,13,0.03,0.42
Batu Tiga,weekend_holiday,14,0.32,0.65
Batu Tiga,weekend_holiday,15,0.13,1.13
Batu Tiga,weekend_holiday,16,0.77,1.84
Batu Tiga,weekend_holiday,17,1.58,5.19
Batu Tiga,weekend_holiday,18,3.55,10.19
Batu Tiga,weekend_holiday,19,3.48,4.13
Batu Tiga,weekend_holiday,20,2.65,4.9
Batu Tiga,weekend_holiday,21,2.26,3.97
Batu Tiga,weekend_holiday,22,0.61,2.45
Batu Tiga,weekend_holiday,23,0.06,0.97
Batu Tiga,working,0,0.05,0.07
Batu Tiga,working,1,0.03,0.02
Batu Tiga,working,4,0.05,0.02
Batu Tiga,working,5,0.13,0.21
Batu Tiga,working,6,10.87,10.05
Batu Tiga,working,7,27.74,14.51
Batu Tiga,working,8,41.15,7.39
Batu Tiga,working,9,9.11,6.49
Batu Tiga,working,10,4.57,2.02
Batu Tiga,working,11,3.33,2.07
Batu Tiga,working,12,0.18,0.13
Batu Tiga,working,13,0.11,0.15
Batu Tiga,working,14,0.03,0.26
Batu Tiga,working,15,0.16,0.41
Batu Tiga,working,16,1.66,1.34
Batu Tiga,working,17,6.67,11.97
Batu Tiga,working,18,11.77,48.7
Batu Tiga,working,19,9.33,22.41
Batu Tiga,working,20,6.97,4.74
Batu Tiga,working,21,2.84,4.87
Batu Tiga,working,22,0.89,2.03
Batu Tiga,working,23,0.28,0.98
Bukit Badak,weekend_holiday,0,0.03,0.13
Bukit Badak,weekend_holiday,1,0.03,0.0
Bukit Badak,weekend_holiday,2,0.03,0.0
Bukit Badak,weekend_holiday,3,0.06,0.0
Bukit Badak,weekend_holiday,5,0.03,0.0
Bukit Badak,weekend_holiday,6,2.23,1.1
Bukit Badak,weekend_holiday,7,5.0,1.61
Bukit Badak,weekend_holiday,8,8.68,0.32
Bukit Badak,weekend_holiday,9,4.16,0.81
Bukit Badak,weekend_holiday,10,3.84,0.65
Bukit Badak,weekend_holiday,11,2.39,1.0
Bukit Badak,weekend_holiday,12,0.52,0.1
Bukit Badak,weekend_holiday,13,0.03,0.03
Bukit Badak,weekend_holiday,14,0.06,0.19
Bukit Badak,weekend_holiday,15,0.06,0.84
Bukit Badak,weekend_holiday,16,0.23,1.0
Bukit Badak,weekend_holiday,17,0.74,1.32
Bukit Badak,weekend_holiday,18,1.71,5.35
Bukit Badak,weekend_holiday,19,0.74,5.06
Bukit Badak,weekend_holiday,20,0.81,3.16
Bukit Badak,weekend_holiday,21,0.39,2.81
Bukit Badak,weekend_holiday,22,0.35,0.9
Bukit Badak,weekend_holiday,23,0.03,1.94
Bukit Badak,working,0,0.07,0.03
Bukit Badak,working,1,0.03,0.0
Bukit Badak,working,4,0.02,0.0
Bukit Badak,working,5,0.3,0.1
Bukit Badak,working,6,20.13,4.05
Bukit Badak,working,7,51.0,1.92
Bukit Badak,working,8,62.97,0.46
Bukit Badak,working,9,14.41,1.15
Bukit Badak,working,10,5.92,0.52
Bukit Badak,working,11,2.44,1.3
Bukit Badak,working,12,0.18,0.1
Bukit Badak,working,15,0.03,0.18
Bukit Badak,working,16,0.15,0.84
Bukit Badak,working,17,0.52,3.26
Bukit Badak,working,18,1.05,47.25
Bukit Badak,working,19,0.84,40.87
Bukit Badak,working,20,0.41,14.51
Bukit Badak,working,21,0.36,7.33
Bukit Badak,working,22,0.25,1.75
Jalan Kastam,weekend_holiday,6,1.03,0.45
Jalan Kastam,weekend_holiday,7,2.39,0.19
Jalan Kastam,weekend_holiday,8,2.23,0.39
Jalan Kastam,weekend_holiday,9,1.94,0.61
Jalan Kastam,weekend_holiday,10,0.97,0.61
Jalan Kastam,weekend_holiday,11,0.97,0.19
Jalan Kastam,weekend_holiday,12,0.13,0.06
Jalan Kastam,weekend_holiday,13,0.13,0.32
Jalan Kastam,weekend_holiday,16,0.13,0.32
Jalan Kastam,weekend_holiday,17,0.16,0.61
Jalan Kastam,weekend_holiday,18,0.68,1.1
Jalan Kastam,weekend_holiday,19,0.35,2.65
Jalan Kastam,weekend_holiday,20,0.23,1.35
Jalan Kastam,weekend_holiday,21,0.26,1.0
Jalan Kastam,weekend_holiday,22,0.19,0.26
Jalan Kastam,weekend_holiday,23,0.06,1.03
Jalan Kastam,working,0,0.03,0.1
Jalan Kastam,working,5,0.16,0.0
Jalan Kastam,working,6,3.02,0.54
Jalan Kastam,working,7,17.66,0.13
Jalan Kastam,working,8,22.82,0.21
Jalan Kastam,working,9,7.52,0.66
Jalan Kastam,working,10,2.44,0.8
Jalan Kastam,working,11,0.84,0.2
Jalan Kastam,working,13,0.05,0.03
Jalan Kastam,working,15,0.05,0.13
Jalan Kastam,working,16,0.25,0.36
Jalan Kastam,working,17,0.57,1.08
Jalan Kastam,working,18,0.64,12.13
Jalan Kastam,working,19,0.54,9.34
Jalan Kastam,working,20,0.28,14.03
Jalan Kastam,working,21,0.33,3.77
Jalan Kastam,working,22,0.15,0.8
Jalan Kastam,working,23,0.02,0.92
Jalan Templer,weekend_holiday,6,0.39,0.52
Jalan Templer,weekend_holiday,7,0.19,1.42
Jalan Templer,weekend_holiday,8,8.26,2.19
Jalan Templer,weekend_holiday,9,1.39,0.87
Jalan Templer,weekend_holiday,10,0.55,0.42
Jalan Templer,weekend_holiday,11,0.61,0.71
Jalan Templer,weekend_holiday,12,0.03,0.0
Jalan Templer,weekend_holiday,13,0.06,0.0
Jalan Templer,weekend_holiday,16,0.35,0.06
Jalan Templer,weekend_holiday,17,0.61,0.29
Jalan Templer,weekend_holiday,18,2.16,1.32
Jalan Templer,weekend_holiday,19,1.0,1.13
Jalan Templer,weekend_holiday,20,0.48,0.68
Jalan Templer,weekend_holiday,21,0.23,0.35
Jalan Templer,weekend_holiday,22,0.06,6.32
Jalan Templer,working,6,0.61,3.08
Jalan Templer,working,7,3.08,4.98
Jalan Templer,working,8,20.3,6.2
Jalan Templer,working,9,4.18,1.62
Jalan Templer,working,10,0.56,0.46
Jalan Templer,working,11,0.93,0.74
Jalan Templer,working,12,0.02,0.03
Jalan Templer,working,16,0.13,0.16
Jalan Templer,working,17,3.21,2.92
Jalan Templer,working,18,4.18,20.46
Jalan Templer,working,19,0.98,4.59
Jalan Templer,working,20,0.89,1.56
Jalan Templer,working,21,0.51,0.54
Jalan Templer,working,22,0.08,6.28
Jalan Templer,working,23,0.05,0.26
KL Sentral,weekend_holiday,0,16.61,3.84
KL Sentral,weekend_holiday,1,1.16,2.45
KL Sentral,weekend_holiday,2,0.48,1.13
KL Sentral,weekend_holiday,3,0.68,0.42
KL Sentral,weekend_holiday,4,0.55,1.13
KL Sentral,weekend_holiday,5,1.52,7.03
KL Sentral,weekend_holiday,6,101.0,140.19
KL Sentral,weekend_holiday,7,84.45,169.06
KL Sentral,weekend_holiday,8,102.61,219.77
KL Sentral,weekend_holiday,9,113.03,259.97
KL Sentral,weekend_holiday,10,150.0,198.0
KL Sentral,weekend_holiday,11,273.71,359.45
KL Sentral,weekend_holiday,12,125.9,174.84
KL Sentral,weekend_holiday,13,138.03,163.16
KL Sentral,weekend_holiday,14,131.0,168.81
KL Sentral,weekend_holiday,15,155.35,153.42
KL Sentral,weekend_holiday,16,162.13,129.71
KL Sentral,weekend_holiday,17,198.32,149.55
KL Sentral,weekend_holiday,18,281.55,101.71
KL Sentral,weekend_holiday,19,254.71,88.77
KL Sentral,weekend_holiday,20,279.29,73.87
KL Sentral,weekend_holiday,21,181.0,47.74
KL Sentral,weekend_holiday,22,109.42,25.1
KL Sentral,weekend_holiday,23,67.77,7.74
KL Sentral,working,0,10.77,2.89
KL Sentral,working,1,0.46,1.43
KL Sentral,working,2,0.41,0.84
KL Sentral,working,3,0.3,0.64
KL Sentral,working,4,0.54,3.57
KL Sentral,working,5,1.9,24.28
KL Sentral,working,6,159.61,319.67
KL Sentral,working,7,66.02,1074.56
KL Sentral,working,8,117.95,1533.75
KL Sentral,working,9,111.79,472.54
KL Sentral,working,10,105.7,147.54
KL Sentral,working,11,256.84,288.75
KL Sentral,working,12,85.61,101.74
KL Sentral,working,13,99.92,125.59
KL Sentral,working,14,102.34,100.21
KL Sentral,working,15,130.72,95.33
KL Sentral,working,16,156.48,94.31
KL Sentral,working,17,447.21,129.57
KL Sentral,working,18,1053.59,104.98
KL Sentral,working,19,1143.1,86.9
KL Sentral,working,20,692.92,57.02
KL Sentral,working,21,292.1,35.33
KL Sentral,working,22,114.3,16.08
KL Sentral,working,23,57.28,5.62
Kajang,weekend_holiday,0,0.48,0.39
Kajang,weekend_holiday,1,0.06,0.42
Kajang,weekend_holiday,2,0.06,0.03
Kajang,weekend_holiday,4,0.1,0.06
Kajang,weekend_holiday,5,0.03,1.0
Kajang,weekend_holiday,6,7.03,17.97
Kajang,weekend_holiday,7,7.26,19.9
Kajang,weekend_holiday,8,10.61,61.74
Kajang,weekend_holiday,9,9.52,51.9
Kajang,weekend_holiday,10,4.68,4.71
Kajang,weekend_holiday,11,8.29,6.9
Kajang,weekend_holiday,12,2.58,1.94
Kajang,weekend_holiday,13,2.06,1.97
Kajang,weekend_holiday,14,1.58,1.13
Kajang,weekend_holiday,15,2.74,4.03
Kajang,weekend_holiday,16,3.16,1.97
Kajang,weekend_holiday,17,5.45,2.68
Kajang,weekend_holiday,18,10.61,4.81
Kajang,weekend_holiday,19,27.52,12.9
Kajang,weekend_holiday,20,64.32,9.94
Kajang,weekend_holiday,21,23.68,1.16
Kajang,weekend_holiday,22,3.23,2.94
Kajang,weekend_holiday,23,0.87,0.1
Kajang,working,0,0.07,0.41
Kajang,working,1,0.08,0.13
Kajang,working,2,0.02,0.11
Kajang,working,3,0.03,0.08
Kajang,working,5,0.13,3.9
Kajang,working,6,17.28,140.52
Kajang,working,7,61.95,323.44
Kajang,working,8,72.85,178.41
Kajang,working,9,18.52,1.34
Kajang,working,10,1.18,1.13
Kajang,working,11,8.25,10.13
Kajang,working,12,0.82,0.62
Kajang,working,13,1.57,0.97
Kajang,working,14,1.79,0.8
Kajang,working,15,2.77,1.67
Kajang,working,16,6.16,2.3
Kajang,working,17,32.2,25.89
Kajang,working,18,72.57,43.77
Kajang,working,19,200.0,70.93
Kajang,working,20,204.49,19.8
Kajang,working,21,39.66,0.38
Kajang,working,22,1.69,0.52
Kajang,working,23,0.59,0.07
Kajang 2,weekend_holiday,0,0.23,0.13
Kajang 2,weekend_holiday,6,2.39,1.48
Kajang 2,weekend_holiday,7,2.1,1.58
Kajang 2,weekend_holiday,8,5.65,3.23
Kajang 2,weekend_holiday,9,2.45,1.23
Kajang 2,weekend_holiday,10,1.1,0.65
Kajang 2,weekend_holiday,11,2.29,2.06
Kajang 2,weekend_holiday,12,0.1,0.42
Kajang 2,weekend_holiday,13,0.06,0.39
Kajang 2,weekend_holiday,14,0.06,0.42
Kajang 2,weekend_holiday,15,0.19,0.35
Kajang 2,weekend_holiday,16,0.06,0.39
Kajang 2,weekend_holiday,17,0.35,0.77
Kajang 2,weekend_holiday,18,0.71,0.84
Kajang 2,weekend_holiday,19,0.9,5.16
Kajang 2,weekend_holiday,20,1.74,2.61
Kajang 2,weekend_holiday,21,1.71,0.23
Kajang 2,weekend_holiday,22,0.29,0.39
Kajang 2,weekend_holiday,23,0.03,0.0
Kajang 2,working,0,0.03,0.02
Kajang 2,working,1,0.02,0.0
Kajang 2,working,2,0.02,0.02
Kajang 2,working,5,0.13,0.11
Kajang 2,working,6,15.36,5.52
Kajang 2,working,7,60.75,0.98
Kajang 2,working,8,70.07,3.38
Kajang 2,working,9,10.8,0.03
Kajang 2,working,10,0.07,0.16
Kajang 2,working,11,4.34,3.51
Kajang 2,working,12,0.02,0.15
Kajang 2,working,13,0.1,0.25
Kajang 2,working,14,0.08,0.18
Kajang 2,working,15,0.13,0.23
Kajang 2,working,16,0.48,1.07
Kajang 2,working,17,1.15,17.02
Kajang 2,working,18,1.44,3.89
Kajang 2,working,19,1.9,91.26
Kajang 2,working,20,1.46,14.98
Kajang 2,working,21,1.2,0.11
Kajang 2,working,22,0.28,0.11
Kajang 2,working,23,0.02,0.02
Kampung Batu,weekend_holiday,0,0.16,0.06
Kampung Batu,weekend_holiday,1,0.06,0.0
Kampung Batu,weekend_holiday,6,6.71,5.58
Kampung Batu,weekend_holiday,7,8.87,6.68
Kampung Batu,weekend_holiday,8,17.81,6.39
Kampung Batu,weekend_holiday,9,17.35,6.77
Kampung Batu,weekend_holiday,10,25.65,10.35
Kampung Batu,weekend_holiday,11,34.61,32.48
Kampung Batu,weekend_holiday,12,21.58,14.29
Kampung Batu,weekend_holiday,13,19.29,19.45
Kampung Batu,weekend_holiday,14,15.19,16.52
Kampung Batu,weekend_holiday,15,14.65,22.06
Kampung Batu,weekend_holiday,16,10.55,16.03
Kampung Batu,weekend_holiday,17,13.77,17.9
Kampung Batu,weekend_holiday,18,10.87,20.68
Kampung Batu,weekend_holiday,19,7.29,14.16
Kampung Batu,weekend_holiday,20,8.32,9.94
Kampung Batu,weekend_holiday,21,4.16,7.9
Kampung Batu,weekend_holiday,22,2.03,4.87
Kampung Batu,weekend_holiday,23,2.13,2.13
Kampung Batu,working,0,0.1,0.11
Kampung Batu,working,1,0.07,0.0
Kampung Batu,working,4,0.03,0.07
Kampung Batu,working,5,0.03,0.23
Kampung Batu,working,6,12.11,16.26
Kampung Batu,working,7,41.3,33.9
Kampung Batu,working,8,66.66,37.98
Kampung Batu,working,9,36.48,11.59
Kampung Batu,working,10,19.02,8.3
Kampung Batu,working,11,30.95,29.46
Kampung Batu,working,12,13.38,12.93
Kampung Batu,working,13,10.34,12.56
Kampung Batu,working,14,9.15,11.13
Kampung Batu,working,15,8.87,9.89
Kampung Batu,working,16,8.85,14.66
Kampung Batu,working,17,17.92,45.16
Kampung Batu,working,18,20.56,57.41
Kampung Batu,working,19,27.28,25.61
Kampung Batu,working,20,15.15,12.46
Kampung Batu,working,21,5.89,5.13
Kampung Batu,working,22,2.21,4.13
Kampung Batu,working,23,1.41,1.67
Kampung Dato Harun,weekend_holiday,0,0.03,0.0
Kampung Dato Harun,weekend_holiday,1,0.03,0.0
Kampung Dato Harun,weekend_holiday,6,1.9,4.1
Kampung Dato Harun,weekend_holiday,7,3.87,6.68
Kampung Dato Harun,weekend_holiday,8,5.29,4.94
Kampung Dato Harun,weekend_holiday,9,4.35,1.94
Kampung Dato Harun,weekend_holiday,10,3.26,1.13
Kampung Dato Harun,weekend_holiday,11,6.97,2.45
Kampung Dato Harun,weekend_holiday,12,0.45,0.23
Kampung Dato Harun,weekend_holiday,13,0.06,0.03
Kampung Dato Harun,weekend_holiday,14,0.52,0.19
Kampung Dato Harun,weekend_holiday,15,0.52,0.1
Kampung Dato Harun,weekend_holiday,16,0.81,1.32
Kampung Dato Harun,weekend_holiday,17,1.84,4.32
Kampung Dato Harun,weekend_holiday,18,4.74,8.16
Kampung Dato Harun,weekend_holiday,19,3.68,8.0
Kampung Dato Harun,weekend_holiday,20,1.71,4.39
Kampung Dato Harun,weekend_holiday,21,1.52,4.87
Kampung Dato Harun,weekend_holiday,22,0.52,4.39
Kampung Dato Harun,weekend_holiday,23,0.16,1.32
Kampung Dato Harun,working,1,0.02,0.03
Kampung Dato Harun,working,5,0.07,0.49
Kampung Dato Harun,working,6,6.87,21.28
Kampung Dato Harun,working,7,33.74,30.39
Kampung Dato Harun,working,8,42.13,28.9
Kampung Dato Harun,working,9,11.13,5.23
Kampung Dato Harun,working,10,3.57,1.0
Kampung Dato Harun,working,11,5.75,3.62
Kampung Dato Harun,working,12,0.34,0.08
Kampung Dato Harun,working,13,0.07,0.16
Kampung Dato Harun,working,14,0.02,0.2
Kampung Dato Harun,working,15,0.31,0.41
Kampung Dato Harun,working,16,1.34,0.79
Kampung Dato Harun,working,17,13.43,21.39
Kampung Dato Harun,working,18,34.41,55.31
Kampung Dato Harun,working,19,18.66,31.87
Kampung Dato Harun,working,20,5.54,9.97
Kampung Dato Harun,working,21,1.82,7.69
Kampung Dato Harun,working,22,0.77,4.54
Kampung Dato Harun,working,23,0.11,0.79
Kampung Raja Uda,weekend_holiday,1,0.03,0.0
Kampung Raja Uda,weekend_holiday,5,0.06,0.0
Kampung Raja Uda,weekend_holiday,6,2.06,1.42
Kampung Raja Uda,weekend_holiday,7,6.13,0.87
Kampung Raja Uda,weekend_holiday,8,7.32,0.9
Kampung Raja Uda,weekend_holiday,9,3.71,0.48
Kampung Raja Uda,weekend_holiday,10,3.77,0.71
Kampung Raja Uda,weekend_holiday,11,3.42,0.77
Kampung Raja Uda,weekend_holiday,12,0.19,0.13
Kampung Raja Uda,weekend_holiday,13,0.06,0.16
Kampung Raja Uda,weekend_holiday,14,0.19,0.32
Kampung Raja Uda,weekend_holiday,15,0.26,0.42
Kampung Raja Uda,weekend_holiday,16,0.32,1.03
Kampung Raja Uda,weekend_holiday,17,0.9,1.23
Kampung Raja Uda,weekend_holiday,18,1.23,4.48
Kampung Raja Uda,weekend_holiday,19,0.81,6.68
Kampung Raja Uda,weekend_holiday,20,0.32,6.52
Kampung Raja Uda,weekend_holiday,21,0.77,1.77
Kampung Raja Uda,weekend_holiday,22,0.19,1.16
Kampung Raja Uda,weekend_holiday,23,0.06,1.61
Kampung Raja Uda,working,0,0.02,0.33
Kampung Raja Uda,working,1,0.07,0.02
Kampung Raja Uda,working,2,0.07,0.0
Kampung Raja Uda,working,4,0.02,0.05
Kampung Raja Uda,working,5,0.56,0.07
Kampung Raja Uda,working,6,16.44,2.25
Kampung Raja Uda,working,7,44.93,0.28
Kampung Raja Uda,working,8,50.62,0.38
Kampung Raja Uda,working,9,10.59,1.16
Kampung Raja Uda,working,10,3.02,1.15
Kampung Raja Uda,working,11,1.92,0.52
Kampung Raja Uda,working,12,0.13,0.1
Kampung Raja Uda,working,14,0.08,0.1
Kampung Raja Uda,working,15,0.03,0.25
Kampung Raja Uda,working,16,0.23,1.48
Kampung Raja Uda,working,17,0.66,4.0
Kampung Raja Uda,working,18,1.9,28.08
Kampung Raja Uda,working,19,0.46,24.95
Kampung Raja Uda,working,20,0.46,25.3
Kampung Raja Uda,working,21,0.62,6.11
Kampung Raja Uda,working,22,0.26,1.2
Kampung Raja Uda,working,23,0.07,1.7
Kepong,weekend_holiday,0,0.03,0.03
Kepong,weekend_holiday,6,2.81,3.29
Kepong,weekend_holiday,7,4.74,4.16
Kepong,weekend_holiday,8,5.55,3.81
Kepong,weekend_holiday,9,5.68,2.52
Kepong,weekend_holiday,10,5.16,1.68
Kepong,weekend_holiday,11,6.06,4.35
Kepong,weekend_holiday,12,3.81,2.77
Kepong,weekend_holiday,13,2.94,3.32
Kepong,weekend_holiday,14,4.16,3.61
Kepong,weekend_holiday,15,3.74,3.32
Kepong,weekend_holiday,16,4.65,2.94
Kepong,weekend_holiday,17,6.23,5.03
Kepong,weekend_holiday,18,3.03,8.19
Kepong,weekend_holiday,19,3.16,8.1
Kepong,weekend_holiday,20,1.35,3.55
Kepong,weekend_holiday,21,0.9,2.35
Kepong,weekend_holiday,22,0.61,1.68
Kepong,weekend_holiday,23,0.65,0.65
Kepong,working,0,0.1,0.0
Kepong,working,2,0.03,0.0
Kepong,working,4,0.03,0.0
Kepong,working,6,15.74,6.9
Kepong,working,7,31.13,10.44
Kepong,working,8,70.2,7.48
Kepong,working,9,16.67,1.98
Kepong,working,10,5.52,1.84
Kepong,working,11,6.67,5.66
Kepong,working,12,1.39,1.92
Kepong,working,13,2.44,2.61
Kepong,working,14,2.23,4.08
Kepong,working,15,1.79,8.64
Kepong,working,16,2.25,5.89
Kepong,working,17,5.72,23.16
Kepong,working,18,10.11,35.75
Kepong,working,19,4.66,45.67
Kepong,working,20,2.13,7.74
Kepong,working,21,0.9,2.75
Kepong,working,22,0.54,3.03
Kepong,working,23,0.26,0.7
Kepong Sentral,weekend_holiday,0,0.26,0.03
Kepong Sentral,weekend_holiday,3,0.03,0.03
Kepong Sentral,weekend_holiday,6,7.0,5.87
Kepong Sentral,weekend_holiday,7,12.32,6.71
Kepong Sentral,weekend_holiday,8,11.13,8.61
Kepong Sentral,weekend_holiday,9,11.39,5.45
Kepong Sentral,weekend_holiday,10,6.97,6.1
Kepong Sentral,weekend_holiday,11,10.55,10.97
Kepong Sentral,weekend_holiday,12,5.19,5.65
Kepong Sentral,weekend_holiday,13,5.35,6.26
Kepong Sentral,weekend_holiday,14,7.32,5.65
Kepong Sentral,weekend_holiday,15,7.1,6.74
Kepong Sentral,weekend_holiday,16,5.61,8.35
Kepong Sentral,weekend_holiday,17,6.58,9.26
Kepong Sentral,weekend_holiday,18,8.97,10.68
Kepong Sentral,weekend_holiday,19,8.1,9.0
Kepong Sentral,weekend_holiday,20,6.26,7.61
Kepong Sentral,weekend_holiday,21,3.55,5.58
Kepong Sentral,weekend_holiday,22,3.13,3.61
Kepong Sentral,weekend_holiday,23,1.26,0.58
Kepong Sentral,working,0,0.11,0.05
Kepong Sentral,working,1,0.02,0.0
Kepong Sentral,working,2,0.02,0.05
Kepong Sentral,working,5,0.11,0.34
Kepong Sentral,working,6,19.28,12.43
Kepong Sentral,working,7,50.98,25.64
Kepong Sentral,working,8,84.59,17.08
Kepong Sentral,working,9,31.15,7.28
Kepong Sentral,working,10,7.87,5.07
Kepong Sentral,working,11,10.54,11.36
Kepong Sentral,working,12,2.38,3.77
Kepong Sentral,working,13,4.23,4.2
Kepong Sentral,working,14,3.8,4.07
Kepong Sentral,working,15,4.34,3.95
Kepong Sentral,working,16,5.08,8.03
Kepong Sentral,working,17,9.48,32.26
Kepong Sentral,working,18,27.48,50.34
Kepong Sentral,working,19,32.64,53.3
Kepong Sentral,working,20,13.93,11.98
Kepong Sentral,working,21,6.54,5.43
Kepong Sentral,working,22,2.75,4.25
Kepong Sentral,working,23,0.92,0.92
Klang,weekend_holiday,0,0.29,2.35
Klang,weekend_holiday,1,0.23,0.1
Klang,weekend_holiday,3,0.1,0.06
Klang,weekend_holiday,4,0.06,0.0
Klang,weekend_holiday,5,0.52,0.03
Klang,weekend_holiday,6,9.29,8.16
Klang,weekend_holiday,7,18.84,8.61
Klang,weekend_holiday,8,22.42,8.39
Klang,weekend_holiday,9,23.77,8.97
Klang,weekend_holiday,10,16.19,12.94
Klang,weekend_holiday,11,14.32,6.45
Klang,weekend_holiday,12,1.94,1.58
Klang,weekend_holiday,13,0.45,2.0
Klang,weekend_holiday,14,0.52,1.32
Klang,weekend_holiday,15,1.03,4.48
Klang,weekend_holiday,16,2.74,8.74
Klang,weekend_holiday,17,8.71,9.84
Klang,weekend_holiday,18,17.29,25.65
Klang,weekend_holiday,19,12.58,30.97
Klang,weekend_holiday,20,12.68,20.9
Klang,weekend_holiday,21,8.74,16.94
Klang,weekend_holiday,22,3.29,7.13
Klang,weekend_holiday,23,0.9,7.68
Klang,working,0,0.28,1.48
Klang,working,1,0.18,0.02
Klang,working,2,0.08,0.02
Klang,working,3,0.02,0.03
Klang,working,4,0.03,0.03
Klang,working,5,1.85,0.59
Klang,working,6,34.61,13.56
Klang,working,7,108.52,8.66
Klang,working,8,106.26,8.13
Klang,working,9,41.72,10.34
Klang,working,10,17.95,9.41
Klang,working,11,11.95,5.84
Klang,working,12,1.11,0.66
Klang,working,13,0.21,0.77
Klang,working,14,0.21,1.51
Klang,working,15,0.28,3.16
Klang,working,16,2.31,7.8
Klang,working,17,12.1,15.54
Klang,working,18,14.85,87.43
Klang,working,19,9.61,105.23
Klang,working,20,9.36,64.64
Klang,working,21,5.26,27.33
Klang,working,22,2.85,8.23
Klang,working,23,0.75,6.54
Kuala Kubu Bharu,weekend_holiday,0,0.16,1.42
Kuala Kubu Bharu,weekend_holiday,1,0.03,0.0
Kuala Kubu Bharu,weekend_holiday,2,0.03,0.0
Kuala Kubu Bharu,weekend_holiday,3,0.03,0.06
Kuala Kubu Bharu,weekend_holiday,4,0.03,0.06
Kuala Kubu Bharu,weekend_holiday,5,0.23,0.23
Kuala Kubu Bharu,weekend_holiday,6,15.29,7.48
Kuala Kubu Bharu,weekend_holiday,7,13.58,2.77
Kuala Kubu Bharu,weekend_holiday,8,12.68,5.55
Kuala Kubu Bharu,weekend_holiday,9,17.32,5.0
Kuala Kubu Bharu,weekend_holiday,10,19.26,4.06
Kuala Kubu Bharu,weekend_holiday,11,17.77,8.71
Kuala Kubu Bharu,weekend_holiday,12,9.48,6.06
Kuala Kubu Bharu,weekend_holiday,13,9.26,8.29
Kuala Kubu Bharu,weekend_holiday,14,8.48,8.87
Kuala Kubu Bharu,weekend_holiday,15,9.81,12.48
Kuala Kubu Bharu,weekend_holiday,16,8.06,14.87
Kuala Kubu Bharu,weekend_holiday,17,8.84,15.48
Kuala Kubu Bharu,weekend_holiday,18,7.81,18.87
Kuala Kubu Bharu,weekend_holiday,19,5.26,16.87
Kuala Kubu Bharu,weekend_holiday,20,4.94,10.42
Kuala Kubu Bharu,weekend_holiday,21,2.65,9.35
Kuala Kubu Bharu,weekend_holiday,22,1.9,6.77
Kuala Kubu Bharu,weekend_holiday,23,0.55,5.68
Kuala Kubu Bharu,working,0,0.05,1.02
Kuala Kubu Bharu,working,1,0.02,0.02
Kuala Kubu Bharu,working,2,0.02,0.0
Kuala Kubu Bharu,working,3,0.02,0.03
Kuala Kubu Bharu,working,4,0.07,0.0
Kuala Kubu Bharu,working,5,1.07,0.11
Kuala Kubu Bharu,working,6,28.67,8.51
Kuala Kubu Bharu,working,7,34.43,0.85
Kuala Kubu Bharu,working,8,35.02,4.64
Kuala Kubu Bharu,working,9,11.16,2.89
Kuala Kubu Bharu,working,10,8.92,2.87
Kuala Kubu Bharu,working,11,12.03,4.89
Kuala Kubu Bharu,working,12,6.77,3.38
Kuala Kubu Bharu,working,13,7.85,3.82
Kuala Kubu Bharu,working,14,6.23,4.52
Kuala Kubu Bharu,working,15,7.79,5.59
Kuala Kubu Bharu,working,16,6.93,6.11
Kuala Kubu Bharu,working,17,8.39,9.34
Kuala Kubu Bharu,working,18,7.1,31.46
Kuala Kubu Bharu,working,19,5.46,34.03
Kuala Kubu Bharu,working,20,2.62,15.43
Kuala Kubu Bharu,working,21,2.07,9.85
Kuala Kubu Bharu,working,22,0.89,5.02
Kuala Kubu Bharu,working,23,0.11,3.66
Kuala Lumpur,weekend_holiday,0,1.06,0.1
Kuala Lumpur,weekend_holiday,1,0.03,0.03
Kuala Lumpur,weekend_holiday,4,0.03,0.0
Kuala Lumpur,weekend_holiday,5,0.16,0.26
Kuala Lumpur,weekend_holiday,6,10.39,12.87
Kuala Lumpur,weekend_holiday,7,8.13,26.48
Kuala Lumpur,weekend_holiday,8,13.19,34.23
Kuala Lumpur,weekend_holiday,9,19.13,40.94
Kuala Lumpur,weekend_holiday,10,22.32,43.74
Kuala Lumpur,weekend_holiday,11,46.03,95.94
Kuala Lumpur,weekend_holiday,12,20.9,47.1
Kuala Lumpur,weekend_holiday,13,25.16,42.42
Kuala Lumpur,weekend_holiday,14,23.42,45.39
Kuala Lumpur,weekend_holiday,15,31.87,36.9
Kuala Lumpur,weekend_holiday,16,29.55,29.23
Kuala Lumpur,weekend_holiday,17,33.06,32.23
Kuala Lumpur,weekend_holiday,18,40.61,20.68
Kuala Lumpur,weekend_holiday,19,37.77,14.71
Kuala Lumpur,weekend_holiday,20,36.03,14.45
Kuala Lumpur,weekend_holiday,21,26.39,7.16
Kuala Lumpur,weekend_holiday,22,16.23,3.16
Kuala Lumpur,weekend_holiday,23,14.94,1.19
Kuala Lumpur,working,0,1.11,0.21
Kuala Lumpur,working,1,0.05,0.03
Kuala Lumpur,working,2,0.05,0.07
Kuala Lumpur,working,3,0.02,0.08
Kuala Lumpur,working,4,1.33,0.11
Kuala Lumpur,working,5,0.15,0.59
Kuala Lumpur,working,6,15.67,36.23
Kuala Lumpur,working,7,7.84,122.31
Kuala Lumpur,working,8,16.48,180.84
Kuala Lumpur,working,9,15.69,47.48
Kuala Lumpur,working,10,13.89,29.46
Kuala Lumpur,working,11,43.21,80.1
Kuala Lumpur,working,12,14.98,27.69
Kuala Lumpur,working,13,14.74,29.02
Kuala Lumpur,working,14,16.15,24.49
Kuala Lumpur,working,15,20.54,18.25
Kuala Lumpur,working,16,24.08,17.2
Kuala Lumpur,working,17,62.39,20.67
Kuala Lumpur,working,18,131.85,15.28
Kuala Lumpur,working,19,163.33,11.98
Kuala Lumpur,working,20,133.62,6.64
Kuala Lumpur,working,21,35.79,5.38
Kuala Lumpur,working,22,11.44,1.93
Kuala Lumpur,working,23,11.75,0.46
Kuang,weekend_holiday,0,0.03,0.1
Kuang,weekend_holiday,1,0.03,0.0
Kuang,weekend_holiday,4,0.13,0.0
Kuang,weekend_holiday,5,0.23,0.13
Kuang,weekend_holiday,6,12.42,8.03
Kuang,weekend_holiday,7,14.52,4.77
Kuang,weekend_holiday,8,13.35,2.29
Kuang,weekend_holiday,9,16.61,4.1
Kuang,weekend_holiday,10,12.26,4.61
Kuang,weekend_holiday,11,15.65,8.74
Kuang,weekend_holiday,12,7.77,6.26
Kuang,weekend_holiday,13,8.19,11.84
Kuang,weekend_holiday,14,5.45,9.97
Kuang,weekend_holiday,15,6.42,11.32
Kuang,weekend_holiday,16,7.48,8.52
Kuang,weekend_holiday,17,8.39,13.52
Kuang,weekend_holiday,18,6.71,12.16
Kuang,weekend_holiday,19,3.81,13.94
Kuang,weekend_holiday,20,3.35,8.32
Kuang,weekend_holiday,21,1.65,8.55
Kuang,weekend_holiday,22,0.77,3.94
Kuang,weekend_holiday,23,0.35,1.1
Kuang,working,0,0.15,0.05
Kuang,working,1,0.03,0.05
Kuang,working,4,0.25,0.0
Kuang,working,5,1.16,0.11
Kuang,working,6,47.3,14.3
Kuang,working,7,119.56,4.38
Kuang,working,8,115.75,5.97
Kuang,working,9,24.85,3.34
Kuang,working,10,7.67,2.02
Kuang,working,11,11.72,9.95
Kuang,working,12,4.44,2.84
Kuang,working,13,5.54,6.11
Kuang,working,14,2.9,5.1
Kuang,working,15,3.69,7.75
Kuang,working,16,3.25,14.15
Kuang,working,17,4.8,26.57
Kuang,working,18,8.15,162.52
Kuang,working,19,3.95,89.9
Kuang,working,20,2.08,11.26
Kuang,working,21,1.93,17.34
Kuang,working,22,1.11,7.25
Kuang,working,23,0.2,0.95
Labu,weekend_holiday,6,2.58,1.52
Labu,weekend_holiday,7,4.68,1.32
Labu,weekend_holiday,8,5.65,0.0
Labu,weekend_holiday,9,4.97,0.16
Labu,weekend_holiday,10,1.61,0.26
Labu,weekend_holiday,11,0.29,1.06
Labu,weekend_holiday,12,0.16,0.19
Labu,weekend_holiday,13,0.39,0.26
Labu,weekend_holiday,14,0.03,0.35
Labu,weekend_holiday,15,0.23,0.26
Labu,weekend_holiday,16,0.03,0.48
Labu,weekend_holiday,17,0.1,1.19
Labu,weekend_holiday,21,0.03,1.81
Labu,working,0,0.08,0.0
Labu,working,1,0.02,0.0
Labu,working,4,0.03,0.0
Labu,working,5,1.18,0.03
Labu,working,6,13.66,3.26
Labu,working,7,52.34,0.03
Labu,working,8,43.03,0.03
Labu,working,9,7.51,0.0
Labu,working,10,0.08,0.0
Labu,working,11,1.31,1.1
Labu,working,12,0.03,0.07
Labu,working,15,0.02,0.95
Labu,working,16,0.03,0.84
Labu,working,19,0.02,33.1
Labu,working,20,0.03,57.0
Labu,working,22,0.02,0.07
Labu,working,23,0.02,0.13
Midvalley,weekend_holiday,0,0.23,0.13
Midvalley,weekend_holiday,2,0.03,0.03
Midvalley,weekend_holiday,3,0.03,0.0
Midvalley,weekend_holiday,6,9.52,17.42
Midvalley,weekend_holiday,7,6.29,19.65
Midvalley,weekend_holiday,8,1.71,46.13
Midvalley,weekend_holiday,9,2.35,51.55
Midvalley,weekend_holiday,10,3.0,27.26
Midvalley,weekend_holiday,11,20.26,57.65
Midvalley,weekend_holiday,12,5.94,30.16
Midvalley,weekend_holiday,13,9.87,25.9
Midvalley,weekend_holiday,14,10.68,27.16
Midvalley,weekend_holiday,15,12.74,19.97
Midvalley,weekend_holiday,16,18.26,13.94
Midvalley,weekend_holiday,17,22.29,14.52
Midvalley,weekend_holiday,18,22.35,13.29
Midvalley,weekend_holiday,19,30.32,5.71
Midvalley,weekend_holiday,20,31.52,4.58
Midvalley,weekend_holiday,21,22.06,3.0
Midvalley,weekend_holiday,22,13.26,1.71
Midvalley,weekend_holiday,23,5.58,0.16
Midvalley,working,0,0.07,0.16
Midvalley,working,5,0.03,1.41
Midvalley,working,6,24.44,37.95
Midvalley,working,7,2.34,195.56
Midvalley,working,8,4.39,427.28
Midvalley,working,9,2.54,177.21
Midvalley,working,10,1.98,20.7
Midvalley,working,11,31.28,54.87
Midvalley,working,12,4.18,17.62
Midvalley,working,13,5.38,14.57
Midvalley,working,14,8.72,12.54
Midvalley,working,15,10.43,10.41
Midvalley,working,16,16.89,9.82
Midvalley,working,17,81.56,9.16
Midvalley,working,18,219.61,19.51
Midvalley,working,19,207.61,11.48
Midvalley,working,20,117.84,3.62
Midvalley,working,21,32.03,2.08
Midvalley,working,22,9.52,1.62
Midvalley,working,23,4.48,0.08
Nilai,weekend_holiday,0,0.87,0.06
Nilai,weekend_holiday,1,0.32,0.03
Nilai,weekend_holiday,2,0.19,0.0
Nilai,weekend_holiday,3,0.03,0.0
Nilai,weekend_holiday,4,0.1,0.0
Nilai,weekend_holiday,5,0.29,0.06
Nilai,weekend_holiday,6,11.0,5.55
Nilai,weekend_holiday,7,15.32,2.68
Nilai,weekend_holiday,8,32.03,0.42
Nilai,weekend_holiday,9,33.55,0.45
Nilai,weekend_holiday,10,7.35,1.06
Nilai,weekend_holiday,11,5.84,5.06
Nilai,weekend_holiday,12,0.29,0.97
Nilai,weekend_holiday,13,1.26,1.16
Nilai,weekend_holiday,14,0.26,1.9
Nilai,weekend_holiday,15,1.1,3.1
Nilai,weekend_holiday,16,0.23,2.81
Nilai,weekend_holiday,17,0.03,9.61
Nilai,weekend_holiday,18,0.23,10.61
Nilai,weekend_holiday,19,0.16,9.84
Nilai,weekend_holiday,20,0.32,60.45
Nilai,weekend_holiday,21,0.16,10.26
Nilai,weekend_holiday,22,0.58,1.1
Nilai,weekend_holiday,23,0.39,0.52
Nilai,working,0,0.31,0.02
Nilai,working,1,0.28,0.02
Nilai,working,2,0.1,0.02
Nilai,working,3,0.1,0.0
Nilai,working,4,0.02,0.05
Nilai,working,5,1.3,0.07
Nilai,working,6,26.3,6.61
Nilai,working,7,104.85,0.34
Nilai,working,8,82.44,0.3
Nilai,working,9,22.05,0.18
Nilai,working,10,0.51,0.38
Nilai,working,11,3.77,4.57
Nilai,working,12,0.1,0.64
Nilai,working,13,0.18,0.66
Nilai,working,14,0.1,1.72
Nilai,working,15,0.2,4.51
Nilai,working,16,0.11,5.33
Nilai,working,17,0.1,18.38
Nilai,working,18,0.03,43.31
Nilai,working,19,0.08,70.16
Nilai,working,20,0.08,96.03
Nilai,working,21,0.07,7.98
Nilai,working,22,0.07,0.51
Nilai,working,23,0.07,0.11
Padang Jawa,weekend_holiday,0,0.19,1.0
Padang Jawa,weekend_holiday,1,0.06,0.0
Padang Jawa,weekend_holiday,2,0.13,0.0
Padang Jawa,weekend_holiday,5,0.06,0.13
Padang Jawa,weekend_holiday,6,6.39,4.23
Padang Jawa,weekend_holiday,7,6.45,3.26
Padang Jawa,weekend_holiday,8,8.74,1.42
Padang Jawa,weekend_holiday,9,8.52,2.29
Padang Jawa,weekend_holiday,10,6.19,2.52
Padang Jawa,weekend_holiday,11,6.74,3.61
Padang Jawa,weekend_holiday,12,0.94,0.45
Padang Jawa,weekend_holiday,13,0.26,0.48
Padang Jawa,weekend_holiday,14,0.16,0.39
Padang Jawa,weekend_holiday,15,0.13,1.35
Padang Jawa,weekend_holiday,16,0.29,1.87
Padang Jawa,weekend_holiday,17,1.39,2.55
Padang Jawa,weekend_holiday,18,2.48,12.65
Padang Jawa,weekend_holiday,19,3.26,9.52
Padang Jawa,weekend_holiday,20,2.81,9.1
Padang Jawa,weekend_holiday,21,2.39,5.06
Padang Jawa,weekend_holiday,22,0.65,2.45
Padang Jawa,weekend_holiday,23,0.42,2.81
Padang Jawa,working,0,0.11,0.39
Padang Jawa,working,1,0.02,0.05
Padang Jawa,working,3,0.02,0.02
Padang Jawa,working,4,0.02,0.0
Padang Jawa,working,5,0.23,0.1
Padang Jawa,working,6,15.16,7.57
Padang Jawa,working,7,39.87,5.69
Padang Jawa,working,8,53.82,2.07
Padang Jawa,working,9,12.84,4.87
Padang Jawa,working,10,4.57,2.15
Padang Jawa,working,11,4.79,3.36
Padang Jawa,working,12,2.03,0.1
Padang Jawa,working,13,0.07,0.1
Padang Jawa,working,14,0.1,0.31
Padang Jawa,working,15,0.11,0.7
Padang Jawa,working,16,0.3,2.34
Padang Jawa,working,17,3.21,4.56
Padang Jawa,working,18,4.93,43.38
Padang Jawa,working,19,4.08,48.38
Padang Jawa,working,20,3.97,12.98
Padang Jawa,working,21,2.08,8.8
Padang Jawa,working,22,0.9,2.59
Padang Jawa,working,23,0.31,2.7
Pantai Dalam,weekend_holiday,1,0.06,0.0
Pantai Dalam,weekend_holiday,6,1.61,2.0
Pantai Dalam,weekend_holiday,7,12.81,2.58
Pantai Dalam,weekend_holiday,8,20.23,2.74
Pantai Dalam,weekend_holiday,9,9.03,2.06
Pantai Dalam,weekend_holiday,10,3.61,0.77
Pantai Dalam,weekend_holiday,11,7.97,2.68
Pantai Dalam,weekend_holiday,12,0.19,0.13
Pantai Dalam,weekend_holiday,13,0.03,0.29
Pantai Dalam,weekend_holiday,14,0.1,0.1
Pantai Dalam,weekend_holiday,15,0.16,0.19
Pantai Dalam,weekend_holiday,16,0.23,0.65
Pantai Dalam,weekend_holiday,17,1.16,7.26
Pantai Dalam,weekend_holiday,18,4.16,37.42
Pantai Dalam,weekend_holiday,19,1.9,19.9
Pantai Dalam,weekend_holiday,20,1.94,14.23
Pantai Dalam,weekend_holiday,21,2.23,4.35
Pantai Dalam,weekend_holiday,22,0.94,13.23
Pantai Dalam,weekend_holiday,23,0.29,3.61
Pantai Dalam,working,0,0.02,0.11
Pantai Dalam,working,2,0.02,0.0
Pantai Dalam,working,5,0.02,0.0
Pantai Dalam,working,6,3.84,5.18
Pantai Dalam,working,7,84.02,3.1
Pantai Dalam,working,8,63.74,4.23
Pantai Dalam,working,9,15.31,1.95
Pantai Dalam,working,10,3.69,0.66
Pantai Dalam,working,11,6.79,4.7
Pantai Dalam,working,12,0.2,0.02
Pantai Dalam,working,15,0.03,0.16
Pantai Dalam,working,16,0.16,0.97
Pantai Dalam,working,17,1.43,104.23
Pantai Dalam,working,18,6.39,120.95
Pantai Dalam,working,19,3.39,55.31
Pantai Dalam,working,20,2.64,37.44
Pantai Dalam,working,21,3.08,7.33
Pantai Dalam,working,22,0.54,15.72
Pantai Dalam,working,23,0.08,3.34
Pelabuhan Klang Selatan,weekend_holiday,0,0.06,0.58
Pelabuhan Klang Selatan,weekend_holiday,4,0.06,0.0
Pelabuhan Klang Selatan,weekend_holiday,5,0.29,0.03
Pelabuhan Klang Selatan,weekend_holiday,6,2.87,3.48
Pelabuhan Klang Selatan,weekend_holiday,7,4.68,4.71
Pelabuhan Klang Selatan,weekend_holiday,8,7.77,5.9
Pelabuhan Klang Selatan,weekend_holiday,9,7.58,7.94
Pelabuhan Klang Selatan,weekend_holiday,10,4.68,12.68
Pelabuhan Klang Selatan,weekend_holiday,11,6.48,1.9
Pelabuhan Klang Selatan,weekend_holiday,12,0.71,0.61
Pelabuhan Klang Selatan,weekend_holiday,13,0.03,0.39
Pelabuhan Klang Selatan,weekend_holiday,14,0.26,1.16
Pelabuhan Klang Selatan,weekend_holiday,15,0.65,1.03
Pelabuhan Klang Selatan,weekend_holiday,16,4.97,2.84
Pelabuhan Klang Selatan,weekend_holiday,17,4.55,3.74
Pelabuhan Klang Selatan,weekend_holiday,18,9.45,6.94
Pelabuhan Klang Selatan,weekend_holiday,19,4.87,10.9
Pelabuhan Klang Selatan,weekend_holiday,20,4.42,7.16
Pelabuhan Klang Selatan,weekend_holiday,21,3.52,4.61
Pelabuhan Klang Selatan,weekend_holiday,22,2.58,2.03
Pelabuhan Klang Selatan,weekend_holiday,23,0.52,1.84
Pelabuhan Klang Selatan,working,0,0.1,0.33
Pelabuhan Klang Selatan,working,1,0.07,0.07
Pelabuhan Klang Selatan,working,2,0.02,0.02
Pelabuhan Klang Selatan,working,3,0.02,0.0
Pelabuhan Klang Selatan,working,5,1.43,0.05
Pelabuhan Klang Selatan,working,6,8.57,2.28
Pelabuhan Klang Selatan,working,7,14.89,2.15
Pelabuhan Klang Selatan,working,8,20.74,2.41
Pelabuhan Klang Selatan,working,9,7.7,4.8
Pelabuhan Klang Selatan,working,10,2.67,5.46
Pelabuhan Klang Selatan,working,11,3.97,1.9
Pelabuhan Klang Selatan,working,12,0.39,0.25
Pelabuhan Klang Selatan,working,13,0.08,0.2
Pelabuhan Klang Selatan,working,14,0.13,0.36
Pelabuhan Klang Selatan,working,15,0.08,1.0
Pelabuhan Klang Selatan,working,16,3.89,2.15
Pelabuhan Klang Selatan,working,17,3.21,3.25
Pelabuhan Klang Selatan,working,18,3.08,15.08
Pelabuhan Klang Selatan,working,19,3.38,7.34
Pelabuhan Klang Selatan,working,20,2.72,11.03
Pelabuhan Klang Selatan,working,21,1.46,3.8
Pelabuhan Klang Selatan,working,22,0.8,1.82
Pelabuhan Klang Selatan,working,23,0.15,1.43
Petaling,weekend_holiday,0,0.06,0.0
Petaling,weekend_holiday,6,3.52,2.97
Petaling,weekend_holiday,7,6.65,5.13
Petaling,weekend_holiday,8,13.55,4.1
Petaling,weekend_holiday,9,7.77,3.9
Petaling,weekend_holiday,10,3.71,0.94
Petaling,weekend_holiday,11,7.06,4.74
Petaling,weekend_holiday,12,0.52,0.1
Petaling,weekend_holiday,13,0.16,0.23
Petaling,weekend_holiday,14,0.45,0.1
Petaling,weekend_holiday,15,0.32,0.58
Petaling,weekend_holiday,16,0.35,0.61
Petaling,weekend_holiday,17,1.68,4.1
Petaling,weekend_holiday,18,2.81,17.29
Petaling,weekend_holiday,19,3.77,13.23
Petaling,weekend_holiday,20,2.32,8.48
Petaling,weekend_holiday,21,0.97,2.42
Petaling,weekend_holiday,22,0.65,6.55
Petaling,weekend_holiday,23,0.13,1.32
Petaling,working,0,0.05,0.05
Petaling,working,4,0.02,0.0
Petaling,working,6,8.69,9.92
Petaling,working,7,66.95,10.85
Petaling,working,8,143.75,10.2
Petaling,working,9,47.11,7.1
Petaling,working,10,5.16,1.7
Petaling,working,11,12.74,9.28
Petaling,working,12,0.28,0.03
Petaling,working,13,0.23,0.05
Petaling,working,14,0.11,0.07
Petaling,working,15,0.08,0.28
Petaling,working,16,0.64,0.95
Petaling,working,17,3.18,44.25
Petaling,working,18,9.49,108.82
Petaling,working,19,7.2,87.02
Petaling,working,20,3.25,34.11
Petaling,working,21,2.23,6.23
Petaling,working,22,0.67,8.08
Petaling,working,23,0.28,1.39
Pulau Sebang (Tampin),weekend_holiday,0,1.13,0.35
Pulau Sebang (Tampin),weekend_holiday,1,0.55,0.06
Pulau Sebang (Tampin),weekend_holiday,2,0.13,0.1
Pulau Sebang (Tampin),weekend_holiday,3,0.13,0.0
Pulau Sebang (Tampin),weekend_holiday,4,0.32,0.0
Pulau Sebang (Tampin),weekend_holiday,5,7.16,0.16
Pulau Sebang (Tampin),weekend_holiday,6,27.58,5.1
Pulau Sebang (Tampin),weekend_holiday,7,4.68,3.81
Pulau Sebang (Tampin),weekend_holiday,8,13.68,0.42
Pulau Sebang (Tampin),weekend_holiday,9,30.87,0.94
Pulau Sebang (Tampin),weekend_holiday,10,4.45,1.29
Pulau Sebang (Tampin),weekend_holiday,11,2.48,4.81
Pulau Sebang (Tampin),weekend_holiday,12,1.65,1.77
Pulau Sebang (Tampin),weekend_holiday,13,0.06,0.87
Pulau Sebang (Tampin),weekend_holiday,14,0.45,1.68
Pulau Sebang (Tampin),weekend_holiday,15,1.94,2.94
Pulau Sebang (Tampin),weekend_holiday,16,0.35,4.13
Pulau Sebang (Tampin),weekend_holiday,17,0.26,8.77
Pulau Sebang (Tampin),weekend_holiday,18,0.74,9.52
Pulau Sebang (Tampin),weekend_holiday,19,0.61,4.23
Pulau Sebang (Tampin),weekend_holiday,20,0.61,2.26
Pulau Sebang (Tampin),weekend_holiday,21,0.35,29.74
Pulau Sebang (Tampin),weekend_holiday,22,0.39,7.42
Pulau Sebang (Tampin),weekend_holiday,23,0.71,0.13
Pulau Sebang (Tampin),working,0,0.64,0.18
Pulau Sebang (Tampin),working,1,0.31,0.11
Pulau Sebang (Tampin),working,2,0.1,0.03
Pulau Sebang (Tampin),working,3,0.3,0.03
Pulau Sebang (Tampin),working,4,2.3,0.02
Pulau Sebang (Tampin),working,5,7.36,0.2
Pulau Sebang (Tampin),working,6,16.9,5.03
Pulau Sebang (Tampin),working,7,26.33,0.46
Pulau Sebang (Tampin),working,8,35.89,0.44
Pulau Sebang (Tampin),working,9,11.07,0.52
Pulau Sebang (Tampin),working,10,0.34,1.18
Pulau Sebang (Tampin),working,11,2.34,2.56
Pulau Sebang (Tampin),working,12,0.38,0.98
Pulau Sebang (Tampin),working,13,0.23,1.46
Pulau Sebang (Tampin),working,14,0.16,2.51
Pulau Sebang (Tampin),working,15,0.28,6.36
Pulau Sebang (Tampin),working,16,0.18,7.43
Pulau Sebang (Tampin),working,17,0.21,7.13
Pulau Sebang (Tampin),working,18,0.43,6.64
Pulau Sebang (Tampin),working,19,0.08,35.38
Pulau Sebang (Tampin),working,20,0.18,22.23
Pulau Sebang (Tampin),working,21,0.1,32.62
Pulau Sebang (Tampin),working,22,0.21,6.74
Pulau Sebang (Tampin),working,23,0.07,0.3
Putra,weekend_holiday,0,1.29,0.68
Putra,weekend_holiday,1,0.19,0.35
Putra,weekend_holiday,2,0.06,0.1
Putra,weekend_holiday,5,0.1,0.52
Putra,weekend_holiday,6,10.65,17.48
Putra,weekend_holiday,7,7.94,16.61
Putra,weekend_holiday,8,11.1,26.42
Putra,weekend_holiday,9,11.52,38.52
Putra,weekend_holiday,10,15.23,32.48
Putra,weekend_holiday,11,31.71,43.71
Putra,weekend_holiday,12,13.84,18.71
Putra,weekend_holiday,13,14.9,19.39
Putra,weekend_holiday,14,16.84,16.61
Putra,weekend_holiday,15,22.52,15.55
Putra,weekend_holiday,16,20.94,13.16
Putra,weekend_holiday,17,30.26,12.0
Putra,weekend_holiday,18,29.32,14.06
Putra,weekend_holiday,19,24.03,9.9
Putra,weekend_holiday,20,22.87,7.71
Putra,weekend_holiday,21,14.65,7.71
Putra,weekend_holiday,22,7.52,6.03
Putra,weekend_holiday,23,6.1,1.42
Putra,working,0,0.85,0.77
Putra,working,1,0.03,0.03
Putra,working,2,0.02,0.08
Putra,working,5,0.08,0.82
Putra,working,6,11.66,19.97
Putra,working,7,10.52,41.1
Putra,working,8,28.38,70.92
Putra,working,9,26.85,21.52
Putra,working,10,11.8,13.38
Putra,working,11,25.52,27.25
Putra,working,12,10.51,9.75
Putra,working,13,9.28,9.57
Putra,working,14,9.51,9.93
Putra,working,15,12.36,8.64
Putra,working,16,15.72,9.49
Putra,working,17,25.62,14.61
Putra,working,18,39.03,32.74
Putra,working,19,58.13,16.49
Putra,working,20,25.95,10.9
Putra,working,21,12.13,6.97
Putra,working,22,5.59,5.43
Putra,working,23,4.38,1.18
Rasa,weekend_holiday,0,0.03,1.39
Rasa,weekend_holiday,1,0.03,0.0
Rasa,weekend_holiday,2,0.03,0.0
Rasa,weekend_holiday,5,0.19,0.13
Rasa,weekend_holiday,6,8.55,6.06
Rasa,weekend_holiday,7,12.16,3.52
Rasa,weekend_holiday,8,13.52,3.9
Rasa,weekend_holiday,9,16.19,2.94
Rasa,weekend_holiday,10,17.16,3.23
Rasa,weekend_holiday,11,19.06,8.9
Rasa,weekend_holiday,12,10.03,7.13
Rasa,weekend_holiday,13,8.77,8.29
Rasa,weekend_holiday,14,7.65,8.29
Rasa,weekend_holiday,15,7.42,11.0
Rasa,weekend_holiday,16,8.19,11.42
Rasa,weekend_holiday,17,9.35,9.97
Rasa,weekend_holiday,18,7.39,14.9
Rasa,weekend_holiday,19,5.39,15.39
Rasa,weekend_holiday,20,3.39,12.06
Rasa,weekend_holiday,21,2.94,8.39
Rasa,weekend_holiday,22,1.32,5.58
Rasa,weekend_holiday,23,0.23,4.55
Rasa,working,0,0.1,0.92
Rasa,working,1,0.08,0.0
Rasa,working,2,0.03,0.0
Rasa,working,3,0.05,0.02
Rasa,working,4,0.13,0.0
Rasa,working,5,1.0,0.07
Rasa,working,6,19.72,7.51
Rasa,working,7,45.98,1.7
Rasa,working,8,47.36,4.05
Rasa,working,9,14.8,2.15
Rasa,working,10,7.61,2.13
Rasa,working,11,10.02,5.44
Rasa,working,12,3.92,4.05
Rasa,working,13,4.69,4.97
Rasa,working,14,2.92,5.25
Rasa,working,15,2.48,6.38
Rasa,working,16,3.08,8.48
Rasa,working,17,3.15,11.03
Rasa,working,18,3.54,36.51
Rasa,working,19,2.62,50.56
Rasa,working,20,1.36,16.15
Rasa,working,21,1.18,12.95
Rasa,working,22,0.54,6.93
Rasa,working,23,0.13,4.46
Rawang,weekend_holiday,0,0.68,6.0
Rawang,weekend_holiday,1,0.48,0.23
Rawang,weekend_holiday,2,0.03,0.13
Rawang,weekend_holiday,3,0.03,0.26
Rawang,weekend_holiday,5,1.13,0.87
Rawang,weekend_holiday,6,43.81,31.29
Rawang,weekend_holiday,7,63.42,30.77
Rawang,weekend_holiday,8,56.65,35.77
Rawang,weekend_holiday,9,60.42,46.52
Rawang,weekend_holiday,10,63.52,38.35
Rawang,weekend_holiday,11,78.42,58.0
Rawang,weekend_holiday,12,48.06,32.1
Rawang,weekend_holiday,13,50.65,43.61
Rawang,weekend_holiday,14,47.35,30.68
Rawang,weekend_holiday,15,47.58,48.97
Rawang,weekend_holiday,16,40.97,56.29
Rawang,weekend_holiday,17,44.9,59.16
Rawang,weekend_holiday,18,46.23,62.74
Rawang,weekend_holiday,19,36.71,62.61
Rawang,weekend_holiday,20,31.45,79.58
Rawang,weekend_holiday,21,21.19,45.97
Rawang,weekend_holiday,22,11.1,25.32
Rawang,weekend_holiday,23,3.19,16.23
Rawang,working,0,0.38,4.44
Rawang,working,1,0.18,0.08
Rawang,working,3,0.03,0.33
Rawang,working,4,0.08,0.33
Rawang,working,5,3.21,1.64
Rawang,working,6,191.26,46.67
Rawang,working,7,344.25,45.41
Rawang,working,8,246.95,40.7
Rawang,working,9,87.57,32.87
Rawang,working,10,47.38,18.15
Rawang,working,11,53.23,40.75
Rawang,working,12,25.95,23.05
Rawang,working,13,30.79,30.8
Rawang,working,14,24.43,21.64
Rawang,working,15,26.57,40.43
Rawang,working,16,23.89,53.97
Rawang,working,17,38.21,79.85
Rawang,working,18,47.46,305.64
Rawang,working,19,30.8,292.93
Rawang,working,20,19.46,114.46
Rawang,working,21,14.07,79.69
Rawang,working,22,7.48,35.36
Rawang,working,23,2.23,17.41
Rembau,weekend_holiday,0,0.19,0.26
Rembau,weekend_holiday,1,0.1,0.0
Rembau,weekend_holiday,2,0.06,0.0
Rembau,weekend_holiday,3,0.13,0.0
Rembau,weekend_holiday,4,0.1,0.0
Rembau,weekend_holiday,5,0.77,0.16
Rembau,weekend_holiday,6,8.39,1.94
Rembau,weekend_holiday,7,5.68,1.9
Rembau,weekend_holiday,8,5.39,0.16
Rembau,weekend_holiday,9,12.65,0.23
Rembau,weekend_holiday,10,1.87,0.61
Rembau,weekend_holiday,11,1.29,1.35
Rembau,weekend_holiday,12,0.35,0.74
Rembau,weekend_holiday,13,0.19,0.45
Rembau,weekend_holiday,14,0.06,0.52
Rembau,weekend_holiday,15,0.74,0.87
Rembau,weekend_holiday,16,0.26,1.35
Rembau,weekend_holiday,17,0.03,3.35
Rembau,weekend_holiday,18,0.06,4.48
Rembau,weekend_holiday,19,0.1,1.65
Rembau,weekend_holiday,20,0.19,11.29
Rembau,weekend_holiday,21,0.13,7.94
Rembau,weekend_holiday,22,0.26,2.23
Rembau,weekend_holiday,23,0.16,0.0
Rembau,working,0,0.18,0.07
Rembau,working,1,0.08,0.0
Rembau,working,2,0.18,0.0
Rembau,working,3,0.05,0.0
Rembau,working,4,0.25,0.02
Rembau,working,5,2.07,0.07
Rembau,working,6,9.67,2.56
Rembau,working,7,20.69,0.08
Rembau,working,8,26.1,0.13
Rembau,working,9,5.97,0.08
Rembau,working,10,0.18,0.1
Rembau,working,11,1.02,1.13
Rembau,working,12,0.05,0.39
Rembau,working,13,0.08,0.23
Rembau,working,14,0.02,0.8
Rembau,working,15,0.07,1.97
Rembau,working,16,0.07,2.21
Rembau,working,17,0.1,1.72
Rembau,working,18,0.05,7.64
Rembau,working,19,0.05,8.34
Rembau,working,20,0.05,24.97
Rembau,working,21,0.05,17.77
Rembau,working,22,0.03,0.97
Rembau,working,23,0.02,0.08
Salak Selatan,weekend_holiday,1,0.06,0.0
Salak Selatan,weekend_holiday,6,1.55,1.39
Salak Selatan,weekend_holiday,7,1.19,1.45
Salak Selatan,weekend_holiday,8,5.48,1.77
Salak Selatan,weekend_holiday,9,4.68,2.65
Salak Selatan,weekend_holiday,10,2.77,0.55
Salak Selatan,weekend_holiday,11,6.03,2.32
Salak Selatan,weekend_holiday,12,1.35,0.23
Salak Selatan,weekend_holiday,13,3.03,0.32
Salak Selatan,weekend_holiday,14,1.16,0.19
Salak Selatan,weekend_holiday,15,0.84,0.35
Salak Selatan,weekend_holiday,16,1.0,0.45
Salak Selatan,weekend_holiday,17,1.35,0.23
Salak Selatan,weekend_holiday,18,1.03,6.35
Salak Selatan,weekend_holiday,19,0.65,2.39
Salak Selatan,weekend_holiday,20,1.68,0.32
Salak Selatan,weekend_holiday,21,1.03,0.06
Salak Selatan,weekend_holiday,22,0.1,0.13
Salak Selatan,working,0,0.02,0.02
Salak Selatan,working,1,0.02,0.0
Salak Selatan,working,2,0.05,0.0
Salak Selatan,working,5,0.02,0.23
Salak Selatan,working,6,3.75,3.11
Salak Selatan,working,7,13.08,3.79
Salak Selatan,working,8,49.67,2.74
Salak Selatan,working,9,19.08,2.03
Salak Selatan,working,10,4.16,0.13
Salak Selatan,working,11,6.97,4.7
Salak Selatan,working,12,2.16,0.16
Salak Selatan,working,13,1.3,0.16
Salak Selatan,working,14,1.18,0.18
Salak Selatan,working,15,1.26,0.18
Salak Selatan,working,16,1.0,3.0
Salak Selatan,working,17,1.9,1.62
Salak Selatan,working,18,3.0,50.2
Salak Selatan,working,19,2.56,18.3
Salak Selatan,working,20,2.46,0.23
Salak Selatan,working,21,1.08,0.0
Salak Selatan,working,22,0.16,0.08
Salak Selatan,working,23,0.07,0.0
Segambut,weekend_holiday,0,0.06,0.03
Segambut,weekend_holiday,5,0.03,0.26
Segambut,weekend_holiday,6,4.9,4.32
Segambut,weekend_holiday,7,7.87,5.39
Segambut,weekend_holiday,8,5.42,9.39
Segambut,weekend_holiday,9,4.48,3.65
Segambut,weekend_holiday,10,5.29,3.1
Segambut,weekend_holiday,11,11.58,9.19
Segambut,weekend_holiday,12,3.84,2.32
Segambut,weekend_holiday,13,4.0,4.84
Segambut,weekend_holiday,14,5.45,3.71
Segambut,weekend_holiday,15,4.97,3.42
Segambut,weekend_holiday,16,4.42,3.68
Segambut,weekend_holiday,17,6.45,5.84
Segambut,weekend_holiday,18,4.9,7.81
Segambut,weekend_holiday,19,4.68,8.06
Segambut,weekend_holiday,20,4.65,4.52
Segambut,weekend_holiday,21,2.68,3.29
Segambut,weekend_holiday,22,2.42,2.29
Segambut,weekend_holiday,23,0.87,0.74
Segambut,working,0,0.1,0.03
Segambut,working,2,0.02,0.02
Segambut,working,3,0.03,0.0
Segambut,working,5,0.05,0.03
Segambut,working,6,29.61,13.18
Segambut,working,7,38.16,17.31
Segambut,working,8,53.74,20.74
Segambut,working,9,16.41,4.36
Segambut,working,10,5.48,2.93
Segambut,working,11,12.79,12.89
Segambut,working,12,2.15,2.28
Segambut,working,13,4.49,4.48
Segambut,working,14,3.2,4.61
Segambut,working,15,3.05,4.1
Segambut,working,16,3.87,6.43
Segambut,working,17,9.28,33.46
Segambut,working,18,15.95,55.77
Segambut,working,19,13.54,36.69
Segambut,working,20,8.23,12.54
Segambut,working,21,2.85,4.87
Segambut,working,22,2.48,2.46
Segambut,working,23,1.28,1.13
Segambut Utara,weekend_holiday,0,0.16,0.19
Segambut Utara,weekend_holiday,1,0.03,0.0
Segambut Utara,weekend_holiday,2,0.03,0.0
Segambut Utara,weekend_holiday,3,0.06,0.03
Segambut Utara,weekend_holiday,5,0.03,0.0
Segambut Utara,weekend_holiday,6,5.13,3.29
Segambut Utara,weekend_holiday,7,9.26,2.87
Segambut Utara,weekend_holiday,8,11.39,3.29
Segambut Utara,weekend_holiday,9,8.35,2.58
Segambut Utara,weekend_holiday,10,9.81,2.77
Segambut Utara,weekend_holiday,11,19.55,11.74
Segambut Utara,weekend_holiday,12,8.23,3.42
Segambut Utara,weekend_holiday,13,7.61,4.65
Segambut Utara,weekend_holiday,14,8.81,7.35
Segambut Utara,weekend_holiday,15,7.94,7.77
Segambut Utara,weekend_holiday,16,6.19,8.32
Segambut Utara,weekend_holiday,17,7.65,9.87
Segambut Utara,weekend_holiday,18,5.9,11.03
Segambut Utara,weekend_holiday,19,4.32,9.13
Segambut Utara,weekend_holiday,20,2.77,6.97
Segambut Utara,weekend_holiday,21,1.55,5.9
Segambut Utara,weekend_holiday,22,1.29,6.52
Segambut Utara,weekend_holiday,23,0.35,3.03
Segambut Utara,working,0,0.08,0.02
Segambut Utara,working,1,0.02,0.0
Segambut Utara,working,2,0.05,0.0
Segambut Utara,working,3,0.03,0.0
Segambut Utara,working,6,15.41,6.97
Segambut Utara,working,7,51.97,2.52
Segambut Utara,working,8,79.16,6.08
Segambut Utara,working,9,25.11,2.97
Segambut Utara,working,10,10.15,1.92
Segambut Utara,working,11,19.1,13.28
Segambut Utara,working,12,3.82,3.64
Segambut Utara,working,13,6.23,4.7
Segambut Utara,working,14,4.21,5.54
Segambut Utara,working,15,4.48,6.92
Segambut Utara,working,16,3.23,11.15
Segambut Utara,working,17,6.97,40.89
Segambut Utara,working,18,5.38,53.84
Segambut Utara,working,19,5.08,55.74
Segambut Utara,working,20,2.33,16.89
Segambut Utara,working,21,1.31,9.66
Segambut Utara,working,22,0.67,5.31
Segambut Utara,working,23,0.23,2.44
Senawang,weekend_holiday,0,0.35,0.39
Senawang,weekend_holiday,1,0.06,0.03
Senawang,weekend_holiday,2,0.03,0.03
Senawang,weekend_holiday,3,0.03,0.0
Senawang,weekend_holiday,4,0.03,0.0
Senawang,weekend_holiday,5,0.13,0.0
Senawang,weekend_holiday,6,6.74,2.77
Senawang,weekend_holiday,7,8.06,2.1
Senawang,weekend_holiday,8,12.35,0.23
Senawang,weekend_holiday,9,18.84,0.39
Senawang,weekend_holiday,10,3.42,0.58
Senawang,weekend_holiday,11,1.52,2.94
Senawang,weekend_holiday,12,0.03,0.39
Senawang,weekend_holiday,13,0.42,0.35
Senawang,weekend_holiday,14,0.03,0.29
Senawang,weekend_holiday,15,1.19,1.26
Senawang,weekend_holiday,16,0.42,1.48
Senawang,weekend_holiday,17,0.06,2.26
Senawang,weekend_holiday,18,0.19,3.77
Senawang,weekend_holiday,20,0.06,17.29
Senawang,weekend_holiday,22,0.29,0.52
Senawang,weekend_holiday,23,0.23,0.39
Senawang,working,0,0.25,0.05
Senawang,working,1,0.05,0.0
Senawang,working,2,0.03,0.0
Senawang,working,3,0.02,0.0
Senawang,working,4,0.08,0.0
Senawang,working,5,3.43,0.03
Senawang,working,6,15.38,3.28
Senawang,working,7,78.0,0.05
Senawang,working,8,84.84,0.49
Senawang,working,9,15.07,0.11
Senawang,working,10,0.36,0.13
Senawang,working,11,2.15,1.85
Senawang,working,12,0.02,0.26
Senawang,working,13,0.03,0.21
Senawang,working,14,0.08,0.59
Senawang,working,15,0.03,1.77
Senawang,working,16,0.05,3.15
Senawang,working,17,0.05,2.21
Senawang,working,18,0.13,29.9
Senawang,working,20,0.07,95.79
Senawang,working,21,0.05,35.66
Senawang,working,22,0.08,0.74
Senawang,working,23,0.02,0.51
Sentul,weekend_holiday,2,0.03,0.0
Sentul,weekend_holiday,5,0.06,0.1
Sentul,weekend_holiday,6,1.48,2.23
Sentul,weekend_holiday,7,3.0,2.97
Sentul,weekend_holiday,8,3.58,2.94
Sentul,weekend_holiday,9,1.65,5.35
Sentul,weekend_holiday,10,3.16,3.29
Sentul,weekend_holiday,11,7.32,7.32
Sentul,weekend_holiday,12,2.65,4.06
Sentul,weekend_holiday,13,4.23,3.61
Sentul,weekend_holiday,14,3.03,2.71
Sentul,weekend_holiday,15,3.35,4.13
Sentul,weekend_holiday,16,2.58,2.87
Sentul,weekend_holiday,17,7.16,3.19
Sentul,weekend_holiday,18,3.87,5.48
Sentul,weekend_holiday,19,1.84,3.03
Sentul,weekend_holiday,20,3.58,4.84
Sentul,weekend_holiday,21,2.39,2.39
Sentul,weekend_holiday,22,0.55,2.26
Sentul,weekend_holiday,23,0.23,1.45
Sentul,working,5,0.05,0.31
Sentul,working,6,2.51,4.39
Sentul,working,7,2.52,18.52
Sentul,working,8,17.48,15.46
Sentul,working,9,11.9,8.23
Sentul,working,10,2.87,2.57
Sentul,working,11,7.54,6.51
Sentul,working,12,2.21,2.28
Sentul,working,13,4.33,2.74
Sentul,working,14,4.13,2.25
Sentul,working,15,2.98,1.87
Sentul,working,16,3.25,2.95
Sentul,working,17,13.31,7.02
Sentul,working,18,12.36,14.84
Sentul,working,19,7.8,6.05
Sentul,working,20,5.28,4.7
Sentul,working,21,2.03,2.07
Sentul,working,22,0.43,2.02
Sentul,working,23,0.2,1.74
Seputeh,weekend_holiday,6,0.61,0.71
Seputeh,weekend_holiday,7,0.23,0.39
Seputeh,weekend_holiday,8,1.9,0.81
Seputeh,weekend_holiday,9,2.77,0.74
Seputeh,weekend_holiday,10,1.55,0.29
Seputeh,weekend_holiday,11,1.71,0.58
Seputeh,weekend_holiday,12,0.52,0.03
Seputeh,weekend_holiday,13,0.9,0.06
Seputeh,weekend_holiday,14,1.35,0.06
Seputeh,weekend_holiday,15,0.19,0.19
Seputeh,weekend_holiday,16,0.52,0.03
Seputeh,weekend_holiday,17,0.52,0.16
Seputeh,weekend_holiday,18,1.13,1.71
Seputeh,weekend_holiday,19,0.13,0.87
Seputeh,weekend_holiday,20,1.23,0.19
Seputeh,weekend_holiday,21,0.26,0.06
Seputeh,weekend_holiday,22,0.13,0.0
Seputeh,weekend_holiday,23,0.03,0.03
Seputeh,working,6,0.9,1.59
Seputeh,working,7,2.97,2.51
Seputeh,working,8,9.16,3.31
Seputeh,working,9,3.31,0.82
Seputeh,working,10,2.02,0.1
Seputeh,working,11,1.13,0.54
Seputeh,working,12,0.79,0.02
Seputeh,working,13,1.39,0.11
Seputeh,working,14,1.38,0.18
Seputeh,working,15,0.84,0.23
Seputeh,working,16,1.3,2.92
Seputeh,working,17,1.43,0.34
Seputeh,working,18,3.02,10.85
Seputeh,working,19,0.49,4.79
Seputeh,working,20,2.23,0.15
Seputeh,working,21,0.95,0.05
Seputeh,working,22,0.07,0.03
Seputeh,working,23,0.02,0.02
Serdang,weekend_holiday,0,0.1,0.06
Serdang,weekend_holiday,5,0.03,0.55
Serdang,weekend_holiday,6,3.81,6.42
Serdang,weekend_holiday,7,2.61,3.65
Serdang,weekend_holiday,8,10.42,8.68
Serdang,weekend_holiday,9,12.61,8.77
Serdang,weekend_holiday,10,2.94,1.29
Serdang,weekend_holiday,11,3.71,2.94
Serdang,weekend_holiday,12,0.61,0.35
Serdang,weekend_holiday,13,0.35,0.39
Serdang,weekend_holiday,14,0.32,0.35
Serdang,weekend_holiday,15,0.87,1.0
Serdang,weekend_holiday,16,1.1,1.74
Serdang,weekend_holiday,17,1.06,1.23
Serdang,weekend_holiday,18,3.84,2.48
Serdang,weekend_holiday,19,4.35,19.03
Serdang,weekend_holiday,20,6.13,1.42
Serdang,weekend_holiday,21,4.55,0.58
Serdang,weekend_holiday,22,0.42,0.26
Serdang,weekend_holiday,23,0.1,0.19
Serdang,working,0,0.03,0.08
Serdang,working,5,0.02,1.52
Serdang,working,6,10.2,10.57
Serdang,working,7,51.49,17.56
Serdang,working,8,88.31,21.36
Serdang,working,9,36.08,0.95
Serdang,working,10,0.87,0.2
Serdang,working,11,5.38,5.3
Serdang,working,12,0.18,0.31
Serdang,working,13,0.25,0.44
Serdang,working,14,0.41,0.51
Serdang,working,15,1.1,0.89
Serdang,working,16,3.41,1.84
Serdang,working,17,7.18,20.79
Serdang,working,18,11.08,60.87
Serdang,working,19,14.41,69.62
Serdang,working,20,10.72,3.62
Serdang,working,21,2.57,0.15
Serdang,working,22,0.18,0.2
Serdang,working,23,0.03,0.07
Seremban,weekend_holiday,0,1.13,1.29
Seremban,weekend_holiday,1,0.39,0.0
Seremban,weekend_holiday,2,0.06,0.29
Seremban,weekend_holiday,3,0.19,0.0
Seremban,weekend_holiday,4,0.26,0.06
Seremban,weekend_holiday,5,1.13,0.13
Seremban,weekend_holiday,6,23.35,10.45
Seremban,weekend_holiday,7,31.55,8.48
Seremban,weekend_holiday,8,45.32,1.23
Seremban,weekend_holiday,9,53.84,2.48
Seremban,weekend_holiday,10,8.71,4.48
Seremban,weekend_holiday,11,6.06,12.94
Seremban,weekend_holiday,12,1.81,3.55
Seremban,weekend_holiday,13,3.03,3.35
Seremban,weekend_holiday,14,1.39,3.39
Seremban,weekend_holiday,15,4.87,7.42
Seremban,weekend_holiday,16,1.9,8.0
Seremban,weekend_holiday,17,1.39,20.68
Seremban,weekend_holiday,18,1.29,20.13
Seremban,weekend_holiday,19,1.68,9.74
Seremban,weekend_holiday,20,2.29,85.32
Seremban,weekend_holiday,21,1.26,34.29
Seremban,weekend_holiday,22,1.26,0.23
Seremban,weekend_holiday,23,1.55,1.19
Seremban,working,0,0.95,0.23
Seremban,working,1,0.31,0.1
Seremban,working,2,0.18,0.1
Seremban,working,3,0.23,0.03
Seremban,working,4,1.3,0.08
Seremban,working,5,11.08,0.38
Seremban,working,6,53.59,13.87
Seremban,working,7,199.1,0.7
Seremban,working,8,184.44,1.02
Seremban,working,9,33.9,1.44
Seremban,working,10,1.11,1.49
Seremban,working,11,6.2,7.74
Seremban,working,12,0.9,2.56
Seremban,working,13,1.02,3.7
Seremban,working,14,0.82,6.1
Seremban,working,15,0.89,13.3
Seremban,working,16,0.9,17.51
Seremban,working,17,1.16,17.13
Seremban,working,18,0.82,117.11
Seremban,working,19,0.72,28.28
Seremban,working,20,0.57,239.41
Seremban,working,21,0.43,71.34
Seremban,working,22,0.41,0.95
Seremban,working,23,0.18,0.69
Serendah,weekend_holiday,0,0.16,2.13
Serendah,weekend_holiday,2,0.03,0.0
Serendah,weekend_holiday,3,0.06,0.0
Serendah,weekend_holiday,4,0.06,0.0
Serendah,weekend_holiday,5,0.52,0.03
Serendah,weekend_holiday,6,13.03,8.06
Serendah,weekend_holiday,7,15.03,6.03
Serendah,weekend_holiday,8,16.65,2.55
Serendah,weekend_holiday,9,17.74,1.68
Serendah,weekend_holiday,10,16.65,3.32
Serendah,weekend_holiday,11,20.58,10.03
Serendah,weekend_holiday,12,11.42,4.84
Serendah,weekend_holiday,13,9.32,5.13
Serendah,weekend_holiday,14,8.45,7.0
Serendah,weekend_holiday,15,7.06,9.03
Serendah,weekend_holiday,16,6.39,10.0
Serendah,weekend_holiday,17,6.29,11.06
Serendah,weekend_holiday,18,6.81,16.65
Serendah,weekend_holiday,19,4.48,19.71
Serendah,weekend_holiday,20,4.16,15.16
Serendah,weekend_holiday,21,2.68,13.1
Serendah,weekend_holiday,22,1.32,7.65
Serendah,weekend_holiday,23,0.13,6.74
Serendah,working,0,0.67,2.08
Serendah,working,3,0.02,0.02
Serendah,working,4,0.21,0.02
Serendah,working,5,1.15,0.05
Serendah,working,6,52.8,15.75
Serendah,working,7,99.97,2.23
Serendah,working,8,98.11,2.1
Serendah,working,9,22.97,2.41
Serendah,working,10,11.89,1.77
Serendah,working,11,16.07,10.16
Serendah,working,12,4.38,3.07
Serendah,working,13,5.69,4.33
Serendah,working,14,4.56,5.08
Serendah,working,15,4.08,7.7
Serendah,working,16,3.51,9.39
Serendah,working,17,3.85,14.31
Serendah,working,18,3.77,76.3
Serendah,working,19,2.3,114.8
Serendah,working,20,1.95,35.31
Serendah,working,21,1.7,24.62
Serendah,working,22,0.64,9.97
Serendah,working,23,0.2,6.2
Seri Setia,weekend_holiday,6,0.97,2.35
Seri Setia,weekend_holiday,7,2.94,2.32
Seri Setia,weekend_holiday,8,3.52,3.68
Seri Setia,weekend_holiday,9,3.29,0.97
Seri Setia,weekend_holiday,10,1.74,1.29
Seri Setia,weekend_holiday,11,2.35,1.16
Seri Setia,weekend_holiday,12,0.58,0.1
Seri Setia,weekend_holiday,13,0.1,0.13
Seri Setia,weekend_holiday,14,0.03,0.1
Seri Setia,weekend_holiday,15,0.06,0.1
Seri Setia,weekend_holiday,16,0.45,0.61
Seri Setia,weekend_holiday,17,0.97,1.71
Seri Setia,weekend_holiday,18,2.68,4.48
Seri Setia,weekend_holiday,19,3.03,4.23
Seri Setia,weekend_holiday,20,0.9,2.1
Seri Setia,weekend_holiday,21,1.0,1.84
Seri Setia,weekend_holiday,22,0.52,1.45
Seri Setia,weekend_holiday,23,0.39,0.32
Seri Setia,working,0,0.08,0.0
Seri Setia,working,5,0.03,0.07
Seri Setia,working,6,2.62,4.02
Seri Setia,working,7,12.7,11.07
Seri Setia,working,8,21.84,21.33
Seri Setia,working,9,6.93,4.08
Seri Setia,working,10,1.34,1.48
Seri Setia,working,11,1.18,1.33
Seri Setia,working,12,0.36,0.0
Seri Setia,working,13,0.02,0.1
Seri Setia,working,15,0.05,0.13
Seri Setia,working,16,0.48,1.15
Seri Setia,working,17,4.13,11.13
Seri Setia,working,18,20.33,28.98
Seri Setia,working,19,10.67,15.3
Seri Setia,working,20,4.51,4.36
Seri Setia,working,21,2.31,2.85
Seri Setia,working,22,0.39,1.74
Seri Setia,working,23,0.43,0.38
Setia Jaya,weekend_holiday,0,0.48,0.06
Setia Jaya,weekend_holiday,3,0.03,0.0
Setia Jaya,weekend_holiday,4,0.03,0.03
Setia Jaya,weekend_holiday,6,1.61,2.9
Setia Jaya,weekend_holiday,7,7.1,4.9
Setia Jaya,weekend_holiday,8,17.61,11.94
Setia Jaya,weekend_holiday,9,10.65,7.77
Setia Jaya,weekend_holiday,10,6.65,6.45
Setia Jaya,weekend_holiday,11,8.39,4.19
Setia Jaya,weekend_holiday,12,0.68,0.26
Setia Jaya,weekend_holiday,13,0.13,0.19
Setia Jaya,weekend_holiday,15,0.23,0.61
Setia Jaya,weekend_holiday,16,0.45,1.13
Setia Jaya,weekend_holiday,17,4.1,5.23
Setia Jaya,weekend_holiday,18,8.68,19.97
Setia Jaya,weekend_holiday,19,8.55,16.52
Setia Jaya,weekend_holiday,20,6.52,6.52
Setia Jaya,weekend_holiday,21,3.84,9.42
Setia Jaya,weekend_holiday,22,2.19,9.61
Setia Jaya,weekend_holiday,23,1.29,1.68
Setia Jaya,working,0,0.2,0.02
Setia Jaya,working,1,0.03,0.02
Setia Jaya,working,5,0.03,0.16
Setia Jaya,working,6,9.67,12.3
Setia Jaya,working,7,35.54,48.31
Setia Jaya,working,8,61.07,83.28
Setia Jaya,working,9,20.02,27.41
Setia Jaya,working,10,4.8,10.49
Setia Jaya,working,11,9.16,4.69
Setia Jaya,working,12,0.36,0.11
Setia Jaya,working,13,0.02,0.15
Setia Jaya,working,14,0.07,0.23
Setia Jaya,working,15,0.1,0.51
Setia Jaya,working,16,0.41,1.25
Setia Jaya,working,17,11.34,25.52
Setia Jaya,working,18,68.79,44.07
Setia Jaya,working,19,47.67,40.9
Setia Jaya,working,20,21.33,10.46
Setia Jaya,working,21,7.84,12.23
Setia Jaya,working,22,2.43,8.64
Setia Jaya,working,23,1.08,1.28
Shah Alam,weekend_holiday,0,0.26,0.68
Shah Alam,weekend_holiday,1,0.03,0.03
Shah Alam,weekend_holiday,2,0.03,0.03
Shah Alam,weekend_holiday,4,0.06,0.06
Shah Alam,weekend_holiday,5,0.03,0.23
Shah Alam,weekend_holiday,6,7.55,5.84
Shah Alam,weekend_holiday,7,11.35,6.87
Shah Alam,weekend_holiday,8,13.77,4.74
Shah Alam,weekend_holiday,9,10.74,7.32
Shah Alam,weekend_holiday,10,9.58,3.81
Shah Alam,weekend_holiday,11,10.35,7.84
Shah Alam,weekend_holiday,12,1.65,0.71
Shah Alam,weekend_holiday,13,0.45,1.19
Shah Alam,weekend_holiday,14,0.42,1.74
Shah Alam,weekend_holiday,15,0.35,2.68
Shah Alam,weekend_holiday,16,2.58,3.52
Shah Alam,weekend_holiday,17,4.0,9.42
Shah Alam,weekend_holiday,18,5.26,20.74
Shah Alam,weekend_holiday,19,4.26,12.13
Shah Alam,weekend_holiday,20,3.58,10.35
Shah Alam,weekend_holiday,21,2.9,7.97
Shah Alam,weekend_holiday,22,1.71,4.94
Shah Alam,weekend_holiday,23,0.48,2.45
Shah Alam,working,0,0.15,0.21
Shah Alam,working,1,0.11,0.0
Shah Alam,working,2,0.03,0.02
Shah Alam,working,4,0.05,0.0
Shah Alam,working,5,0.62,0.67
Shah Alam,working,6,40.38,18.44
Shah Alam,working,7,112.82,16.1
Shah Alam,working,8,149.51,13.05
Shah Alam,working,9,35.48,9.11
Shah Alam,working,10,8.82,2.07
Shah Alam,working,11,8.7,8.75
Shah Alam,working,12,0.87,0.31
Shah Alam,working,13,0.13,0.52
Shah Alam,working,14,0.11,0.51
Shah Alam,working,15,0.31,1.8
Shah Alam,working,16,2.11,3.82
Shah Alam,working,17,8.75,23.11
Shah Alam,working,18,19.08,140.62
Shah Alam,working,19,9.41,134.66
Shah Alam,working,20,5.74,20.74
Shah Alam,working,21,3.21,18.49
Shah Alam,working,22,1.93,5.92
Shah Alam,working,23,0.64,2.98
Subang Jaya,weekend_holiday,0,1.32,0.0
Subang Jaya,weekend_holiday,1,0.06,0.03
Subang Jaya,weekend_holiday,5,0.03,0.29
Subang Jaya,weekend_holiday,6,6.65,12.26
Subang Jaya,weekend_holiday,7,8.39,28.32
Subang Jaya,weekend_holiday,8,6.03,32.35
Subang Jaya,weekend_holiday,9,9.65,23.0
Subang Jaya,weekend_holiday,10,6.74,23.29
Subang Jaya,weekend_holiday,11,7.26,5.77
Subang Jaya,weekend_holiday,12,1.26,0.48
Subang Jaya,weekend_holiday,13,0.39,0.29
Subang Jaya,weekend_holiday,14,0.06,0.45
Subang Jaya,weekend_holiday,15,0.26,0.68
Subang Jaya,weekend_holiday,16,1.23,4.06
Subang Jaya,weekend_holiday,17,6.16,7.1
Subang Jaya,weekend_holiday,18,25.39,26.61
Subang Jaya,weekend_holiday,19,26.55,8.42
Subang Jaya,weekend_holiday,20,23.71,8.13
Subang Jaya,weekend_holiday,21,13.94,3.68
Subang Jaya,weekend_holiday,22,10.39,2.45
Subang Jaya,weekend_holiday,23,6.81,0.06
Subang Jaya,working,0,1.03,0.18
Subang Jaya,working,1,0.02,0.18
Subang Jaya,working,2,0.02,0.0
Subang Jaya,working,4,0.02,0.08
Subang Jaya,working,5,0.03,1.57
Subang Jaya,working,6,18.44,104.9
Subang Jaya,working,7,8.79,229.84
Subang Jaya,working,8,24.33,186.57
Subang Jaya,working,9,13.59,55.69
Subang Jaya,working,10,5.75,28.62
Subang Jaya,working,11,9.44,8.85
Subang Jaya,working,12,0.56,0.18
Subang Jaya,working,13,0.21,0.05
Subang Jaya,working,14,0.18,0.23
Subang Jaya,working,15,0.21,0.44
Subang Jaya,working,16,1.79,3.9
Subang Jaya,working,17,26.33,20.66
Subang Jaya,working,18,205.05,36.89
Subang Jaya,working,19,177.67,22.98
Subang Jaya,working,20,93.46,5.87
Subang Jaya,working,21,39.61,4.21
Subang Jaya,working,22,14.49,2.02
Subang Jaya,working,23,8.97,0.23
Sungai Buloh,weekend_holiday,0,7.48,0.39
Sungai Buloh,weekend_holiday,1,0.1,0.35
Sungai Buloh,weekend_holiday,2,0.19,0.13
Sungai Buloh,weekend_holiday,3,0.23,0.03
Sungai Buloh,weekend_holiday,4,0.39,0.19
Sungai Buloh,weekend_holiday,5,0.16,0.81
Sungai Buloh,weekend_holiday,6,23.71,51.45
Sungai Buloh,weekend_holiday,7,21.55,67.61
Sungai Buloh,weekend_holiday,8,21.39,48.61
Sungai Buloh,weekend_holiday,9,22.26,65.35
Sungai Buloh,weekend_holiday,10,23.77,65.0
Sungai Buloh,weekend_holiday,11,37.81,71.19
Sungai Buloh,weekend_holiday,12,22.06,45.1
Sungai Buloh,weekend_holiday,13,28.77,43.19
Sungai Buloh,weekend_holiday,14,26.74,40.68
Sungai Buloh,weekend_holiday,15,37.77,35.35
Sungai Buloh,weekend_holiday,16,44.26,33.77
Sungai Buloh,weekend_holiday,17,51.35,37.65
Sungai Buloh,weekend_holiday,18,67.23,45.74
Sungai Buloh,weekend_holiday,19,69.45,24.9
Sungai Buloh,weekend_holiday,20,74.29,23.19
Sungai Buloh,weekend_holiday,21,48.48,20.94
Sungai Buloh,weekend_holiday,22,32.61,8.13
Sungai Buloh,weekend_holiday,23,19.23,1.03
Sungai Buloh,working,0,5.43,0.34
Sungai Buloh,working,1,0.11,0.13
Sungai Buloh,working,2,0.08,0.07
Sungai Buloh,working,3,0.36,0.03
Sungai Buloh,working,4,0.31,0.13
Sungai Buloh,working,5,0.2,2.95
Sungai Buloh,working,6,41.03,222.92
Sungai Buloh,working,7,32.0,364.92
Sungai Buloh,working,8,54.13,172.3
Sungai Buloh,working,9,23.59,62.28
Sungai Buloh,working,10,13.49,41.41
Sungai Buloh,working,11,33.13,48.8
Sungai Buloh,working,12,17.07,30.36
Sungai Buloh,working,13,22.82,26.56
Sungai Buloh,working,14,20.89,22.41
Sungai Buloh,working,15,32.26,26.28
Sungai Buloh,working,16,41.03,25.3
Sungai Buloh,working,17,63.54,37.23
Sungai Buloh,working,18,248.79,56.75
Sungai Buloh,working,19,298.74,34.0
Sungai Buloh,working,20,105.05,16.56
Sungai Buloh,working,21,69.33,11.51
Sungai Buloh,working,22,34.79,5.26
Sungai Buloh,working,23,17.97,0.52
Sungai Gadut,weekend_holiday,0,0.16,0.1
Sungai Gadut,weekend_holiday,2,0.1,0.0
Sungai Gadut,weekend_holiday,3,0.03,0.0
Sungai Gadut,weekend_holiday,4,0.06,0.0
Sungai Gadut,weekend_holiday,5,0.16,0.03
Sungai Gadut,weekend_holiday,6,5.0,1.65
Sungai Gadut,weekend_holiday,7,4.68,1.81
Sungai Gadut,weekend_holiday,8,6.58,0.03
Sungai Gadut,weekend_holiday,9,11.81,0.19
Sungai Gadut,weekend_holiday,10,1.94,0.61
Sungai Gadut,weekend_holiday,11,0.9,1.48
Sungai Gadut,weekend_holiday,12,0.29,0.39
Sungai Gadut,weekend_holiday,13,0.32,0.19
Sungai Gadut,weekend_holiday,14,0.03,0.42
Sungai Gadut,weekend_holiday,15,0.68,0.58
Sungai Gadut,weekend_holiday,16,0.06,0.84
Sungai Gadut,weekend_holiday,18,0.03,2.23
Sungai Gadut,weekend_holiday,19,0.03,1.1
Sungai Gadut,weekend_holiday,20,0.32,9.81
Sungai Gadut,weekend_holiday,21,0.06,7.97
Sungai Gadut,weekend_holiday,22,0.1,0.61
Sungai Gadut,weekend_holiday,23,0.19,0.19
Sungai Gadut,working,0,0.13,0.02
Sungai Gadut,working,1,0.02,0.0
Sungai Gadut,working,4,0.03,0.0
Sungai Gadut,working,5,1.98,0.0
Sungai Gadut,working,6,10.41,2.23
Sungai Gadut,working,7,43.21,0.05
Sungai Gadut,working,8,46.98,0.08
Sungai Gadut,working,9,7.59,0.08
Sungai Gadut,working,10,0.03,0.13
Sungai Gadut,working,11,1.36,1.1
Sungai Gadut,working,13,0.02,0.3
Sungai Gadut,working,14,0.02,0.52
Sungai Gadut,working,15,0.03,1.39
Sungai Gadut,working,16,0.08,2.2
Sungai Gadut,working,18,0.03,16.62
Sungai Gadut,working,19,0.05,4.75
Sungai Gadut,working,20,0.02,55.85
Sungai Gadut,working,21,0.03,22.07
Sungai Gadut,working,22,0.05,0.9
Sungai Gadut,working,23,0.05,0.15
Taman Wahyu,weekend_holiday,6,3.74,3.52
Taman Wahyu,weekend_holiday,7,7.19,4.42
Taman Wahyu,weekend_holiday,8,11.45,2.97
Taman Wahyu,weekend_holiday,9,8.81,2.48
Taman Wahyu,weekend_holiday,10,7.29,3.9
Taman Wahyu,weekend_holiday,11,11.23,5.77
Taman Wahyu,weekend_holiday,12,5.19,3.26
Taman Wahyu,weekend_holiday,13,5.19,3.81
Taman Wahyu,weekend_holiday,14,5.13,3.16
Taman Wahyu,weekend_holiday,15,6.03,4.03
Taman Wahyu,weekend_holiday,16,4.03,4.84
Taman Wahyu,weekend_holiday,17,6.71,9.87
Taman Wahyu,weekend_holiday,18,4.32,9.32
Taman Wahyu,weekend_holiday,19,3.61,8.16
Taman Wahyu,weekend_holiday,20,3.48,6.39
Taman Wahyu,weekend_holiday,21,1.81,6.94
Taman Wahyu,weekend_holiday,22,0.81,5.03
Taman Wahyu,weekend_holiday,23,0.1,4.94
Taman Wahyu,working,0,0.02,0.07
Taman Wahyu,working,1,0.03,0.05
Taman Wahyu,working,3,0.02,0.0
Taman Wahyu,working,4,0.02,0.08
Taman Wahyu,working,5,0.92,0.31
Taman Wahyu,working,6,11.39,8.0
Taman Wahyu,working,7,36.72,5.05
Taman Wahyu,working,8,80.95,13.97
Taman Wahyu,working,9,36.59,4.36
Taman Wahyu,working,10,8.26,2.23
Taman Wahyu,working,11,12.2,8.44
Taman Wahyu,working,12,4.95,2.0
Taman Wahyu,working,13,3.46,3.1
Taman Wahyu,working,14,3.43,3.92
Taman Wahyu,working,15,3.7,4.51
Taman Wahyu,working,16,4.62,8.05
Taman Wahyu,working,17,8.48,35.43
Taman Wahyu,working,18,9.89,37.36
Taman Wahyu,working,19,7.16,46.75
Taman Wahyu,working,20,3.64,20.52
Taman Wahyu,working,21,2.49,10.41
Taman Wahyu,working,22,0.87,4.08
Taman Wahyu,working,23,0.1,4.03
Tanjong Malim,weekend_holiday,0,2.26,8.19
Tanjong Malim,weekend_holiday,1,1.1,1.1
Tanjong Malim,weekend_holiday,2,0.84,0.32
Tanjong Malim,weekend_holiday,3,0.16,0.52
Tanjong Malim,weekend_holiday,4,0.61,0.45
Tanjong Malim,weekend_holiday,5,2.23,0.55
Tanjong Malim,weekend_holiday,6,42.45,29.39
Tanjong Malim,weekend_holiday,7,38.65,18.32
Tanjong Malim,weekend_holiday,8,45.48,12.84
Tanjong Malim,weekend_holiday,9,69.06,24.97
Tanjong Malim,weekend_holiday,10,79.32,24.58
Tanjong Malim,weekend_holiday,11,93.32,37.81
Tanjong Malim,weekend_holiday,12,54.77,26.9
Tanjong Malim,weekend_holiday,13,47.16,30.48
Tanjong Malim,weekend_holiday,14,58.45,38.87
Tanjong Malim,weekend_holiday,15,50.55,47.52
Tanjong Malim,weekend_holiday,16,37.19,55.61
Tanjong Malim,weekend_holiday,17,43.42,62.68
Tanjong Malim,weekend_holiday,18,38.23,73.13
Tanjong Malim,weekend_holiday,19,30.87,67.23
Tanjong Malim,weekend_holiday,20,27.19,75.29
Tanjong Malim,weekend_holiday,21,18.74,52.42
Tanjong Malim,weekend_holiday,22,11.06,44.23
Tanjong Malim,weekend_holiday,23,3.81,30.58
Tanjong Malim,working,0,1.28,5.8
Tanjong Malim,working,1,0.56,0.44
Tanjong Malim,working,2,0.43,0.18
Tanjong Malim,working,3,0.33,0.13
Tanjong Malim,working,4,0.61,1.43
Tanjong Malim,working,5,4.18,0.62
Tanjong Malim,working,6,66.03,36.23
Tanjong Malim,working,7,76.11,5.16
Tanjong Malim,working,8,92.36,16.49
Tanjong Malim,working,9,45.87,16.44
Tanjong Malim,working,10,44.07,15.84
Tanjong Malim,working,11,50.97,31.66
Tanjong Malim,working,12,26.84,22.28
Tanjong Malim,working,13,38.62,21.38
Tanjong Malim,working,14,34.48,27.11
Tanjong Malim,working,15,43.11,31.59
Tanjong Malim,working,16,30.57,31.59
Tanjong Malim,working,17,36.43,40.92
Tanjong Malim,working,18,32.11,64.41
Tanjong Malim,working,19,29.38,95.05
Tanjong Malim,working,20,21.41,82.49
Tanjong Malim,working,21,13.08,39.59
Tanjong Malim,working,22,7.31,29.2
Tanjong Malim,working,23,2.7,18.46
Telok Gadong,weekend_holiday,1,0.03,0.0
Telok Gadong,weekend_holiday,5,0.06,0.0
Telok Gadong,weekend_holiday,6,3.9,1.61
Telok Gadong,weekend_holiday,7,7.13,1.55
Telok Gadong,weekend_holiday,8,8.35,0.68
Telok Gadong,weekend_holiday,9,7.87,1.16
Telok Gadong,weekend_holiday,10,5.97,1.9
Telok Gadong,weekend_holiday,11,4.71,1.87
Telok Gadong,weekend_holiday,12,0.26,0.23
Telok Gadong,weekend_holiday,13,0.13,0.19
Telok Gadong,weekend_holiday,14,0.03,0.03
Telok Gadong,weekend_holiday,15,0.13,1.19
Telok Gadong,weekend_holiday,16,0.13,1.55
Telok Gadong,weekend_holiday,17,1.48,1.13
Telok Gadong,weekend_holiday,18,2.32,7.29
Telok Gadong,weekend_holiday,19,2.77,9.48
Telok Gadong,weekend_holiday,20,1.32,7.29
Telok Gadong,weekend_holiday,21,1.16,5.03
Telok Gadong,weekend_holiday,22,0.55,2.19
Telok Gadong,weekend_holiday,23,0.1,2.13
Telok Gadong,working,3,0.02,0.0
Telok Gadong,working,5,0.52,0.05
Telok Gadong,working,6,20.59,3.46
Telok Gadong,working,7,69.15,0.92
Telok Gadong,working,8,83.03,0.64
Telok Gadong,working,9,23.31,1.77
Telok Gadong,working,10,9.72,1.7
Telok Gadong,working,11,5.93,1.66
Telok Gadong,working,12,0.18,0.15
Telok Gadong,working,13,0.23,0.2
Telok Gadong,working,14,0.03,0.2
Telok Gadong,working,15,0.02,0.61
Telok Gadong,working,16,0.33,1.25
Telok Gadong,working,17,2.25,2.48
Telok Gadong,working,18,2.05,54.2
Telok Gadong,working,19,1.7,36.95
Telok Gadong,working,20,0.97,38.28
Telok Gadong,working,21,0.59,12.34
Telok Gadong,working,22,0.48,3.51
Telok Gadong,working,23,0.07,2.85
Telok Pulai,weekend_holiday,0,0.03,0.42
Telok Pulai,weekend_holiday,5,0.03,0.06
Telok Pulai,weekend_holiday,6,3.68,1.48
Telok Pulai,weekend_holiday,7,5.74,1.74
Telok Pulai,weekend_holiday,8,8.16,1.03
Telok Pulai,weekend_holiday,9,6.23,0.94
Telok Pulai,weekend_holiday,10,4.77,1.71
Telok Pulai,weekend_holiday,11,4.94,0.84
Telok Pulai,weekend_holiday,12,0.26,0.1
Telok Pulai,weekend_holiday,13,0.1,0.16
Telok Pulai,weekend_holiday,14,0.03,0.26
Telok Pulai,weekend_holiday,15,0.03,0.55
Telok Pulai,weekend_holiday,16,0.13,1.1
Telok Pulai,weekend_holiday,17,0.42,1.9
Telok Pulai,weekend_holiday,18,1.26,6.13
Telok Pulai,weekend_holiday,19,1.71,7.71
Telok Pulai,weekend_holiday,20,0.94,4.65
Telok Pulai,weekend_holiday,21,0.58,2.58
Telok Pulai,weekend_holiday,22,0.68,1.42
Telok Pulai,weekend_holiday,23,0.03,1.84
Telok Pulai,working,0,0.05,0.34
Telok Pulai,working,1,0.03,0.0
Telok Pulai,working,4,0.02,0.0
Telok Pulai,working,5,0.28,0.0
Telok Pulai,working,6,15.93,2.72
Telok Pulai,working,7,51.39,0.38
Telok Pulai,working,8,67.36,0.9
Telok Pulai,working,9,14.85,1.18
Telok Pulai,working,10,5.49,1.98
Telok Pulai,working,11,3.39,1.28
Telok Pulai,working,12,0.16,0.13
Telok Pulai,working,13,0.03,0.18
Telok Pulai,working,14,0.02,0.15
Telok Pulai,working,15,0.03,0.18
Telok Pulai,working,16,0.07,0.97
Telok Pulai,working,17,0.64,2.49
Telok Pulai,working,18,1.89,45.0
Telok Pulai,working,19,0.9,31.54
Telok Pulai,working,20,0.67,28.79
Telok Pulai,working,21,0.33,9.56
Telok Pulai,working,22,0.3,1.8
Telok Pulai,working,23,0.05,2.08
Tiroi,weekend_holiday,1,0.03,0.0
Tiroi,weekend_holiday,6,1.9,1.35
Tiroi,weekend_holiday,7,3.48,1.52
Tiroi,weekend_holiday,8,6.74,0.1
Tiroi,weekend_holiday,9,8.52,0.13
Tiroi,weekend_holiday,10,1.61,0.26
Tiroi,weekend_holiday,11,1.74,1.74
Tiroi,weekend_holiday,13,0.03,0.1
Tiroi,weekend_holiday,15,0.55,0.16
Tiroi,weekend_holiday,16,0.06,0.45
Tiroi,weekend_holiday,22,0.03,0.0
Tiroi,weekend_holiday,23,0.1,0.06
Tiroi,working,0,0.05,0.02
Tiroi,working,1,0.02,0.0
Tiroi,working,4,0.02,0.0
Tiroi,working,5,1.39,0.02
Tiroi,working,6,14.93,2.93
Tiroi,working,7,58.1,0.08
Tiroi,working,8,60.95,0.03
Tiroi,working,9,10.87,0.3
Tiroi,working,10,0.26,0.15
Tiroi,working,11,2.44,2.11
Tiroi,working,14,0.02,0.33
Tiroi,working,15,0.1,0.87
Tiroi,working,16,0.02,1.74
Tiroi,working,17,0.02,1.79
Tiroi,working,18,0.08,27.25
Tiroi,working,19,0.02,19.34
Tiroi,working,20,0.08,68.61
Tiroi,working,21,0.1,15.93
Tiroi,working,22,0.02,0.03
UKM,weekend_holiday,0,0.19,0.0
UKM,weekend_holiday,1,0.1,0.13
UKM,weekend_holiday,2,0.03,0.03
UKM,weekend_holiday,4,0.06,0.03
UKM,weekend_holiday,5,0.06,0.45
UKM,weekend_holiday,6,3.84,4.19
UKM,weekend_holiday,7,4.81,4.32
UKM,weekend_holiday,8,10.58,4.94
UKM,weekend_holiday,9,6.32,0.94
UKM,weekend_holiday,10,1.74,0.77
UKM,weekend_holiday,11,2.39,1.71
UKM,weekend_holiday,12,0.23,0.39
UKM,weekend_holiday,13,0.23,0.61
UKM,weekend_holiday,14,0.1,0.58
UKM,weekend_holiday,15,0.39,1.06
UKM,weekend_holiday,16,0.29,1.19
UKM,weekend_holiday,17,0.35,2.06
UKM,weekend_holiday,18,1.74,3.32
UKM,weekend_holiday,19,2.1,14.13
UKM,weekend_holiday,20,3.71,6.77
UKM,weekend_holiday,21,2.39,0.35
UKM,weekend_holiday,22,0.29,0.32
UKM,weekend_holiday,23,0.03,0.23
UKM,working,0,0.28,0.11
UKM,working,1,0.07,0.03
UKM,working,2,0.03,0.07
UKM,working,3,0.02,0.02
UKM,working,4,0.03,0.05
UKM,working,5,0.26,0.75
UKM,working,6,20.03,9.38
UKM,working,7,94.16,11.9
UKM,working,8,88.61,8.39
UKM,working,9,16.0,0.21
UKM,working,10,0.3,0.33
UKM,working,11,2.49,2.36
UKM,working,12,0.33,0.3
UKM,working,13,0.26,0.44
UKM,working,14,0.34,0.61
UKM,working,15,0.46,1.26
UKM,working,16,2.3,2.31
UKM,working,17,3.69,21.43
UKM,working,18,11.08,4.18
UKM,working,19,6.11,102.36
UKM,working,20,5.2,37.56
UKM,working,21,2.92,0.39
UKM,working,22,0.41,0.11
UKM,working,23,0.05,0.08
Abdullah Hukum,weekend_holiday,1,0.0,0.03
Abdullah Hukum,weekend_holiday,4,0.0,0.1
Abdullah Hukum,weekend_holiday,5,0.0,0.06
Abdullah Hukum,working,1,0.0,0.1
Abdullah Hukum,working,3,0.0,0.02
Angkasapuri,weekend_holiday,5,0.0,0.03
Angkasapuri,weekend_holiday,16,0.0,0.1
Angkasapuri,working,2,0.0,0.02
Angkasapuri,working,12,0.0,0.05
Angkasapuri,working,23,0.0,0.03
Bandar Tasek Selatan,weekend_holiday,3,0.0,0.1
Bangi,weekend_holiday,23,0.0,0.35
Bangi,working,3,0.0,0.1
Bank Negara,weekend_holiday,1,0.0,0.03
Bank Negara,weekend_holiday,2,0.0,0.06
Bank Negara,working,3,0.0,0.02
Batang Benar,weekend_holiday,17,0.0,4.97
Batang Benar,working,12,0.0,0.16
Batang Benar,working,13,0.0,0.44
Batang Benar,working,15,0.0,1.62
Batang Kali,working,0,0.0,2.77
Batang Kali,working,3,0.0,0.05
Batu Caves,weekend_holiday,0,0.0,0.39
Batu Caves,weekend_holiday,2,0.0,0.03
Batu Caves,working,2,0.0,0.18
Batu Caves,working,3,0.0,0.05
Batu Kentonmen,weekend_holiday,3,0.0,0.03
Batu Tiga,weekend_holiday,3,0.0,0.03
Bukit Badak,working,13,0.0,0.15
Bukit Badak,working,14,0.0,0.21
Bukit Badak,working,23,0.0,1.59
Jalan Kastam,weekend_holiday,0,0.0,0.13
Jalan Kastam,weekend_holiday,2,0.0,0.03
Jalan Kastam,weekend_holiday,4,0.0,0.03
Jalan Kastam,weekend_holiday,14,0.0,0.16
Jalan Kastam,working,12,0.0,0.02
Jalan Kastam,working,14,0.0,0.05
Jalan Templer,weekend_holiday,15,0.0,0.06
Jalan Templer,weekend_holiday,23,0.0,0.13
Jalan Templer,working,0,0.0,0.02
Jalan Templer,working,15,0.0,0.02
Kajang,weekend_holiday,3,0.0,0.03
Kajang,working,4,0.0,0.34
Kajang 2,weekend_holiday,3,0.0,0.03
Kajang 2,weekend_holiday,4,0.0,0.03
Kajang 2,weekend_holiday,5,0.0,0.23
Kajang 2,working,4,0.0,0.03
Kampung Batu,weekend_holiday,3,0.0,0.06
Kampung Batu,weekend_holiday,4,0.0,0.03
Kampung Batu,weekend_holiday,5,0.0,0.06
Kampung Batu,working,3,0.0,0.02
Kampung Dato Harun,weekend_holiday,5,0.0,0.16
Kampung Dato Harun,working,0,0.0,0.02
Kampung Dato Harun,working,2,0.0,0.03
Kampung Dato Harun,working,4,0.0,0.02
Kampung Raja Uda,weekend_holiday,0,0.0,0.58
Kampung Raja Uda,working,13,0.0,0.13
Kepong,working,5,0.0,0.03
Kepong Sentral,weekend_holiday,1,0.0,0.03
Kepong Sentral,weekend_holiday,5,0.0,0.03
Kepong Sentral,working,4,0.0,0.03
Klang,weekend_holiday,2,0.0,0.06
Kuala Lumpur,weekend_holiday,2,0.0,0.03
Kuang,working,2,0.0,0.02
Labu,weekend_holiday,1,0.0,0.03
Labu,weekend_holiday,4,0.0,0.03
Labu,weekend_holiday,18,0.0,1.55
Labu,weekend_holiday,19,0.0,1.16
Labu,weekend_holiday,20,0.0,8.42
Labu,weekend_holiday,22,0.0,0.03
Labu,weekend_holiday,23,0.0,0.03
Labu,working,13,0.0,0.16
Labu,working,14,0.0,0.3
Labu,working,17,0.0,2.38
Labu,working,18,0.0,21.54
Labu,working,21,0.0,6.72
Midvalley,weekend_holiday,4,0.0,0.03
Midvalley,weekend_holiday,5,0.0,0.29
Midvalley,working,1,0.0,0.18
Midvalley,working,2,0.0,0.07
Midvalley,working,4,0.0,0.2
Padang Jawa,working,2,0.0,0.03
Pantai Dalam,working,1,0.0,0.02
Pantai Dalam,working,3,0.0,0.02
Pantai Dalam,working,4,0.0,0.02
Pantai Dalam,working,13,0.0,0.05
Pantai Dalam,working,14,0.0,0.1
Pelabuhan Klang Selatan,weekend_holiday,1,0.0,0.1
Pelabuhan Klang Selatan,working,4,0.0,0.03
Petaling,weekend_holiday,3,0.0,0.03
Petaling,weekend_holiday,5,0.0,0.03
Petaling,working,5,0.0,0.15
Putra,weekend_holiday,3,0.0,0.03
Putra,weekend_holiday,4,0.0,0.06
Putra,working,3,0.0,0.03
Putra,working,4,0.0,0.18
Rasa,weekend_holiday,4,0.0,0.03
Rawang,weekend_holiday,4,0.0,0.35
Rawang,working,2,0.0,0.11
Salak Selatan,weekend_holiday,0,0.0,0.06
Salak Selatan,weekend_holiday,23,0.0,0.03
Segambut,weekend_holiday,4,0.0,0.1
Segambut,working,1,0.0,0.02
Segambut,working,4,0.0,0.1
Segambut Utara,working,5,0.0,0.02
Senawang,weekend_holiday,19,0.0,1.48
Senawang,weekend_holiday,21,0.0,12.97
Senawang,working,19,0.0,5.43
Sentul,weekend_holiday,0,0.0,0.06
Sentul,working,0,0.0,0.05
Sentul,working,2,0.0,0.02
Sentul,working,3,0.0,0.03
Sentul,working,4,0.0,0.07
Seputeh,working,0,0.0,0.07
Seputeh,working,1,0.0,0.03
Seputeh,working,5,0.0,0.03
Serdang,weekend_holiday,1,0.0,0.06
Serdang,weekend_holiday,2,0.0,0.06
Serdang,weekend_holiday,3,0.0,0.13
Serdang,weekend_holiday,4,0.0,0.03
Serdang,working,1,0.0,0.03
Serdang,working,3,0.0,0.02
Serdang,working,4,0.0,0.11
Serendah,weekend_holiday,1,0.0,0.03
Serendah,working,2,0.0,0.03
Seri Setia,working,14,0.0,0.08
Setia Jaya,weekend_holiday,1,0.0,0.03
Setia Jaya,weekend_holiday,14,0.0,0.26
Setia Jaya,working,2,0.0,0.02
Setia Jaya,working,3,0.0,0.02
Subang Jaya,weekend_holiday,2,0.0,0.06
Subang Jaya,weekend_holiday,3,0.0,0.13
Subang Jaya,weekend_holiday,4,0.0,0.03
Sungai Gadut,weekend_holiday,1,0.0,0.03
Sungai Gadut,weekend_holiday,17,0.0,1.84
Sungai Gadut,working,12,0.0,0.2
Sungai Gadut,working,17,0.0,2.0
Taman Wahyu,weekend_holiday,0,0.0,0.16
Taman Wahyu,weekend_holiday,1,0.0,0.03
Taman Wahyu,weekend_holiday,4,0.0,0.03
Taman Wahyu,weekend_holiday,5,0.0,0.16
Taman Wahyu,working,2,0.0,0.03
Telok Gadong,weekend_holiday,0,0.0,0.77
Telok Gadong,weekend_holiday,3,0.0,0.06
Telok Gadong,working,0,0.0,0.39
Telok Pulai,working,3,0.0,0.02
Tiroi,weekend_holiday,12,0.0,0.13
Tiroi,weekend_holiday,14,0.0,0.45
Tiroi,weekend_holiday,17,0.0,1.1
Tiroi,weekend_holiday,18,0.0,1.48
Tiroi,weekend_holiday,19,0.0,0.81
Tiroi,weekend_holiday,20,0.0,10.81
Tiroi,weekend_holiday,21,0.0,4.52
Tiroi,working,12,0.0,0.18
Tiroi,working,13,0.0,0.25
Tiroi,working,23,0.0,0.25
