station,entries_working,entries_weekend,exits_working,exits_weekend,avg_daily_entries,weekend_ratio,am_in,pm_in,am_out,pm_out,peak_trips,home_score,morning_share,komuter_type,region,district,corridor,lat,lon,interchange,rr_station,rr_key
Putra,343.93,313.55,331.75,319.23,333.7,0.912,77.41,138.51,153.51,73.33,442.75,0.34,0.359,Work-end,Klang Valley,W.P. Kuala Lumpur,Shared core,3.165399,101.691101,True,PWTC,pwtc
Bank Negara,708.95,277.1,748.7,325.0,563.43,0.391,54.84,440.8,551.49,42.87,1090.0,0.09,0.111,Work-end,Klang Valley,W.P. Kuala Lumpur,Shared core,3.155105,101.693118,True,Bandaraya,bandaraya
Kuala Lumpur,756.15,456.42,676.49,549.23,655.15,0.604,55.67,381.66,386.85,65.13,889.31,0.136,0.127,Work-end,Klang Valley,W.P. Kuala Lumpur,Shared core,3.139444,101.693333,True,Pasar Seni,pasarseni
KL Sentral,5207.84,2930.29,4823.15,2646.87,4440.4,0.563,455.36,2800.38,3400.52,415.77,7072.03,0.123,0.14,Work-end,Klang Valley,W.P. Kuala Lumpur,Shared core,3.134167,101.686111,True,KL Sentral,klsentral
Batu Caves,1367.07,1422.48,1272.82,1236.94,1385.74,1.041,470.97,235.62,255.57,384.59,1346.75,0.635,0.667,Home-end,Klang Valley,Gombak,Seremban Line,3.237796,101.681215,False,Kampung Batu,kampungbatu
Taman Wahyu,239.9,96.13,222.75,93.19,191.46,0.401,165.66,30.15,31.38,127.59,354.77,0.827,0.846,Home-end,Klang Valley,W.P. Kuala Lumpur,Seremban Line,3.21451,101.672178,False,Kampung Batu,kampungbatu
Kampung Batu,347.74,241.06,350.66,234.42,311.79,0.693,156.54,74.61,99.74,142.84,473.72,0.632,0.677,Home-end,Klang Valley,W.P. Kuala Lumpur,Seremban Line,3.204892,101.675584,True,Kampung Batu,kampungbatu
Batu Kentonmen,49.64,24.74,47.98,23.35,41.25,0.498,30.08,10.62,8.66,26.3,75.66,0.745,0.739,Home-end,Klang Valley,W.P. Kuala Lumpur,Seremban Line,3.198485,101.681138,True,Kentomen,kentomen
Sentul,103.18,55.74,106.67,64.29,87.2,0.54,34.41,36.72,46.61,30.85,148.59,0.439,0.484,Mixed,Klang Valley,W.P. Kuala Lumpur,Seremban Line,3.183581,101.688802,False,Sentul Barat,sentulbarat
Midvalley,785.31,248.29,1028.11,380.23,604.36,0.316,33.72,525.66,838.0,49.97,1447.34,0.058,0.06,Work-end,Klang Valley,W.P. Kuala Lumpur,Seremban Line,3.119211,101.678865,False,Abdullah Hukum,abdullahhukum
Seputeh,33.38,15.68,28.69,6.94,27.41,0.47,16.34,6.23,8.23,18.9,49.7,0.709,0.724,Too few trips,Klang Valley,W.P. Kuala Lumpur,Seremban Line,3.113612,101.681474,False,Abdullah Hukum,abdullahhukum
Salak Selatan,114.95,35.0,90.87,21.26,88.01,0.304,85.59,8.46,11.67,73.11,178.84,0.887,0.91,Home-end,Klang Valley,W.P. Kuala Lumpur,Seremban Line,3.098413,101.705055,True,Salak Selatan,salakselatan
Bandar Tasek Selatan,466.28,179.87,516.82,177.0,369.77,0.386,163.85,174.62,327.36,159.49,825.33,0.392,0.484,Work-end,Klang Valley,W.P. Kuala Lumpur,Seremban Line,3.076229,101.711119,True,Bandar Tasik Selatan,bandartasikselatan
Serdang,243.9,59.94,217.0,61.68,181.91,0.246,186.08,36.08,50.44,153.11,425.72,0.797,0.838,Home-end,Klang Valley,Petaling,Seremban Line,3.023404,101.716056,False,Serdang Jaya,serdangjaya
Kajang,744.67,195.94,827.69,210.61,559.77,0.263,170.61,310.93,643.72,142.89,1268.15,0.247,0.354,Work-end,Klang Valley,Ulu Langat,Seremban Line,2.983222,101.790669,True,Kajang,kajang
Kajang 2,169.84,22.42,143.03,22.61,120.16,0.132,156.98,4.97,9.92,113.23,285.1,0.948,0.969,Home-end,Klang Valley,Ulu Langat,Seremban Line,2.96264,101.79207,False,Kajang,kajang
UKM,255.43,41.97,204.64,48.55,183.5,0.164,218.8,23.18,29.89,130.28,402.15,0.868,0.904,Home-end,Klang Valley,Ulu Langat,Seremban Line,2.939775,101.787623,False,Kajang,kajang
Bangi,462.05,69.42,439.8,78.94,329.75,0.15,440.75,8.75,20.3,299.57,769.38,0.962,0.981,Home-end,Klang Valley,Ulu Langat,Seremban Line,2.904467,101.785943,False,Kajang,kajang
Batang Benar,204.56,63.77,204.93,70.39,157.12,0.312,200.38,0.34,5.93,121.07,327.72,0.981,0.998,Home-end,Outer belt,Negeri Sembilan,Seremban Line,2.829904,101.826655,False,Kajang,kajang
Nilai,243.2,111.9,261.89,127.71,198.96,0.46,235.64,0.33,7.43,137.18,380.57,0.98,0.999,Home-end,Outer belt,Negeri Sembilan,Seremban Line,2.802356,101.799303,False,Kajang,kajang
Labu,119.41,20.74,127.7,20.13,86.16,0.174,116.54,0.05,3.33,57.85,177.77,0.981,1.0,Home-end,Outer belt,Negeri Sembilan,Seremban Line,2.754501,101.826656,False,Kajang,kajang
Tiroi,149.48,24.81,142.2,25.16,107.47,0.166,144.85,0.13,3.34,50.11,198.44,0.982,0.999,Home-end,Outer belt,Negeri Sembilan,Seremban Line,2.741459,101.871914,False,Kajang,kajang
Seremban,501.21,195.71,545.26,239.13,398.27,0.39,471.03,3.61,17.03,180.03,671.7,0.969,0.992,Home-end,Outer belt,Negeri Sembilan,Seremban Line,2.719169,101.940792,False,Kajang,kajang
Senawang,200.25,54.52,182.21,51.9,151.14,0.272,193.28,0.23,3.93,40.69,238.13,0.983,0.999,Home-end,Outer belt,Negeri Sembilan,Seremban Line,2.690138,101.972336,False,Kajang,kajang
Sungai Gadut,112.13,33.55,110.64,32.1,85.65,0.299,108.2,0.16,2.44,25.57,136.38,0.981,0.998,Home-end,Outer belt,Negeri Sembilan,Seremban Line,2.660898,101.996158,False,Kajang,kajang
Rembau,67.05,39.16,71.33,41.48,57.65,0.584,62.43,0.26,2.85,19.92,85.46,0.964,0.996,Home-end,Outer belt,Negeri Sembilan,Seremban Line,2.593055,102.094653,False,Kajang,kajang
Pulau Sebang (Tampin),106.38,101.29,140.54,90.48,104.66,0.952,90.18,0.9,6.46,56.57,154.11,0.952,0.99,Home-end,Outer belt,Melaka / Negeri Sembilan,Seremban Line,2.46396,102.226308,False,Kajang,kajang
Tanjong Malim,698.84,796.94,634.49,763.97,731.89,1.14,280.38,128.49,74.33,231.97,715.16,0.716,0.686,Home-end,Outer belt,Perak (Tanjong Malim),Port Klang Line,3.685142,101.518165,False,Sungai Buloh,sungaibuloh
Kuala Kubu Bharu,193.67,173.45,158.03,169.39,186.86,0.896,109.28,27.89,16.89,80.95,235.0,0.809,0.797,Home-end,Outer belt,Hulu Selangor,Port Klang Line,3.553215,101.639591,False,Gombak,gombak
Rasa,176.49,159.0,191.69,147.06,170.6,0.901,127.87,12.39,15.41,106.57,262.25,0.894,0.912,Home-end,Outer belt,Hulu Selangor,Port Klang Line,3.500586,101.634113,False,Gombak,gombak
Batang Kali,386.07,260.9,385.38,234.29,343.89,0.676,286.49,26.25,24.25,223.54,560.52,0.91,0.916,Home-end,Outer belt,Hulu Selangor,Port Klang Line,3.46838,101.637759,False,Gombak,gombak
Serendah,340.48,169.03,347.7,159.94,282.71,0.496,273.85,13.43,22.49,214.8,524.57,0.932,0.953,Home-end,Outer belt,Hulu Selangor,Port Klang Line,3.376172,101.614532,False,Metro Prima,metroprima
Rawang,1265.85,797.97,1326.72,811.81,1108.2,0.63,870.03,140.36,165.66,732.39,1908.44,0.84,0.861,Home-end,Klang Valley,Gombak,Port Klang Line,3.318955,101.575012,False,Sungai Buloh,sungaibuloh
Kuang,370.49,145.58,391.93,142.19,294.71,0.393,307.46,20.15,27.98,293.15,648.74,0.926,0.939,Home-end,Klang Valley,Gombak,Port Klang Line,3.258267,101.554794,False,Sungai Buloh,sungaibuloh
Sungai Buloh,1176.13,681.29,1209.02,730.81,1009.39,0.579,150.75,652.1,822.41,153.28,1778.54,0.171,0.188,Work-end,Klang Valley,Petaling,Port Klang Line,3.206356,101.580128,True,Sungai Buloh,sungaibuloh
Kepong Sentral,318.25,128.06,261.82,122.81,254.16,0.402,186.0,74.67,62.43,143.93,467.03,0.706,0.714,Home-end,Klang Valley,W.P. Kuala Lumpur,Port Klang Line,3.208653,101.62849,True,Sri Damansara Timur,sridamansaratimur
Kepong,180.52,65.26,176.28,65.35,141.68,0.361,133.74,22.74,26.8,110.48,293.75,0.831,0.855,Home-end,Klang Valley,W.P. Kuala Lumpur,Port Klang Line,3.202996,101.637381,False,Sri Damansara Timur,sridamansaratimur
Segambut,226.74,88.97,240.41,85.94,180.32,0.392,137.92,42.64,55.59,132.34,368.49,0.733,0.764,Home-end,Klang Valley,W.P. Kuala Lumpur,Port Klang Line,3.186514,101.664032,False,Jalan Ipoh,jalanipoh
Segambut Utara,245.02,126.42,250.48,110.74,205.05,0.516,171.66,20.66,18.54,161.61,372.46,0.895,0.893,Home-end,Klang Valley,W.P. Kuala Lumpur,Port Klang Line,3.192022,101.655138,False,Jinjang,jinjang
Abdullah Hukum,627.02,116.32,659.25,105.48,454.93,0.186,25.92,453.03,602.39,16.16,1097.51,0.038,0.054,Work-end,Klang Valley,W.P. Kuala Lumpur,Port Klang Line,3.11869,101.67293,True,Abdullah Hukum,abdullahhukum
Angkasapuri,17.54,6.19,20.16,8.94,13.72,0.353,2.56,12.2,12.98,4.87,32.61,0.228,0.173,Too few trips,Klang Valley,W.P. Kuala Lumpur,Port Klang Line,3.113212,101.673367,False,Kerinchi,kerinchi
Pantai Dalam,195.38,68.65,365.61,114.19,152.67,0.351,166.9,11.38,14.46,281.46,474.2,0.946,0.936,Home-end,Klang Valley,W.P. Kuala Lumpur,Port Klang Line,3.095607,101.669927,False,Kerinchi,kerinchi
Petaling,312.11,56.45,340.52,76.84,225.97,0.181,266.51,20.51,38.07,241.03,566.11,0.897,0.929,Home-end,Klang Valley,W.P. Kuala Lumpur,Port Klang Line,3.086485,101.664338,False,Muhibbah,muhibbah
Jalan Templer,39.7,16.39,53.92,16.48,31.85,0.413,28.16,8.51,15.89,28.13,80.69,0.698,0.768,Home-end,Klang Valley,Petaling,Port Klang Line,3.084013,101.656402,False,Muhibbah,muhibbah
Kampung Dato Harun,180.1,42.23,224.21,58.71,133.64,0.234,93.87,67.84,85.8,109.36,356.87,0.569,0.58,Mixed,Klang Valley,Petaling,Port Klang Line,3.084828,101.632339,False,Asia Jaya,asiajaya
Seri Setia,90.41,25.52,109.56,28.94,68.54,0.282,44.1,35.61,40.49,56.56,176.75,0.569,0.553,Mixed,Klang Valley,Petaling,Port Klang Line,3.084535,101.621904,False,Taman Paramount,tamanparamount
Setia Jaya,301.95,89.19,332.05,109.68,230.26,0.295,126.3,128.21,171.3,111.74,537.54,0.443,0.496,Mixed,Klang Valley,Petaling,Port Klang Line,3.083373,101.61143,False,Subang Jaya,subangjaya
Subang Jaya,649.98,162.26,714.15,187.97,485.64,0.25,65.15,410.84,577.0,84.43,1137.41,0.132,0.137,Work-end,Klang Valley,Petaling,Port Klang Line,3.084554,101.587373,True,Subang Jaya,subangjaya
Batu Tiga,137.92,44.77,140.84,52.55,106.53,0.325,88.87,29.43,38.44,84.43,241.16,0.719,0.751,Home-end,Klang Valley,Petaling,Port Klang Line,3.076091,101.559811,False,Kerjaya,kerjaya
Shah Alam,408.98,91.42,421.92,115.29,301.98,0.224,338.18,39.36,56.7,302.21,736.46,0.87,0.896,Home-end,Klang Valley,Petaling,Port Klang Line,3.056388,101.525302,False,Dato' Menteri - SA Sentral,datomenteri
Padang Jawa,153.54,58.65,153.25,67.13,121.57,0.382,121.69,12.52,20.2,98.66,253.07,0.871,0.907,Home-end,Klang Valley,Petaling,Port Klang Line,3.052532,101.492742,False,UiTM Shah Alam,uitmshahalam
Bukit Badak,161.07,32.16,127.56,28.32,117.63,0.2,148.51,2.56,7.57,92.21,250.85,0.96,0.983,Home-end,Klang Valley,Klang,Port Klang Line,3.036147,101.470176,False,Jambatan Kota,jambatankota
Klang,382.38,176.9,386.93,193.35,313.14,0.463,291.11,38.87,40.69,216.0,586.67,0.864,0.882,Home-end,Klang Valley,Klang,Port Klang Line,3.043078,101.449543,False,Jambatan Kota,jambatankota
Kampung Raja Uda,133.15,31.84,99.59,31.26,99.01,0.239,122.59,3.25,4.07,58.51,188.41,0.961,0.974,Home-end,Klang Valley,Klang,Port Klang Line,3.020253,101.41023,False,Seri Andalas,seriandalas
Telok Gadong,221.16,48.42,163.59,47.35,162.96,0.219,196.08,6.33,6.79,94.87,304.07,0.957,0.969,Home-end,Klang Valley,Klang,Port Klang Line,3.033932,101.424947,False,Taman Selatan,tamanselatan
Telok Pulai,163.89,39.74,131.67,36.61,122.05,0.242,149.54,3.49,5.18,80.0,238.21,0.964,0.977,Home-end,Klang Valley,Klang,Port Klang Line,3.04089,101.432153,False,Jambatan Kota,jambatankota
Jalan Kastam,57.36,11.84,45.31,11.52,42.02,0.206,51.02,2.0,1.54,22.92,77.48,0.954,0.962,Home-end,Klang Valley,Klang,Port Klang Line,3.013128,101.402599,False,Seri Andalas,seriandalas
Pelabuhan Klang Selatan,79.54,71.0,67.2,80.58,76.66,0.893,51.9,13.56,11.64,27.82,104.92,0.76,0.793,Home-end,Klang Valley,Klang,Port Klang Line,2.999323,101.39179,False,Klang Jaya,klangjaya
