key,avg_2023,avg_2026,change_pct,status,note
16sierra,225.0,464.0,106.2,compared,
abdullahhukum,10184.0,13604.0,33.6,compared,
alammegah,1249.0,1489.0,19.2,compared,
alamsutera,992.0,1503.0,51.5,compared,
ampang,3186.0,3886.0,22.0,compared,
ampangpark,13922.0,19078.0,37.0,compared,
aradamansara,3664.0,4727.0,29.0,compared,
asiajaya,4498.0,5115.0,13.7,compared,
awanbesar,1824.0,2628.0,44.1,compared,
bandaraya,3802.0,5757.0,51.4,compared,
bandarbaruklang,,,,new since 2023,
bandarbukittinggi,,,,new since 2023,
bandarputeri,1222.0,1595.0,30.5,compared,
bandartasikselatan,4770.0,5337.0,11.9,compared,
bandartunhussienonn,2730.0,3494.0,28.0,compared,
bandartunrazak,1318.0,1549.0,17.5,compared,
bandarutama,6843.0,11539.0,68.6,compared,not compared (opened later): SA01
bandarutama11,,,,new since 2023,
bankrakyatbangsar,6985.0,8241.0,18.0,compared,
batu11cheras,2336.0,2757.0,18.0,compared,
bukitbintang,28599.0,35031.0,22.5,compared,
bukitdukung,2094.0,2485.0,18.7,compared,
bukitjalil,2713.0,3041.0,12.1,compared,
bukitnanas,3303.0,4177.0,26.5,compared,
cahaya,2085.0,2473.0,18.6,compared,
cempaka,2850.0,3443.0,20.8,compared,
cgcglenmarie,3341.0,8111.0,142.8,compared,
chansowlin,1604.0,2936.0,83.0,compared,
cheras,1694.0,2132.0,25.9,compared,
chowkit,3659.0,3586.0,-2.0,compared,
cochrane,6888.0,9101.0,32.1,compared,
conlay,819.0,2033.0,148.2,compared,
cyberjayacitycentre,445.0,736.0,65.4,compared,
cyberjayautara,708.0,1255.0,77.3,compared,
damai,1966.0,1813.0,-7.8,compared,
damansaradamai,1529.0,2381.0,55.7,compared,
damansaraidaman,,,,new since 2023,
dangwangi,3691.0,4136.0,12.1,compared,
datokeramat,1316.0,1427.0,8.4,compared,
datomenteri,,,,new since 2023,
glenmarie2,,,,new since 2023,
gombak,3655.0,4294.0,17.5,compared,
hangtuah,7442.0,9937.0,33.5,compared,
hospitalkualalumpur,1082.0,2229.0,106.0,compared,
imbi,4791.0,5096.0,6.4,compared,
ioipuchongjaya,2599.0,3019.0,16.2,compared,
jalanipoh,372.0,650.0,74.7,compared,
jalanmeru,,,,new since 2023,
jambatankota,,,,new since 2023,
jelatek,2533.0,3686.0,45.5,compared,
jinjang,621.0,1377.0,121.7,compared,
johansetia,,,,new since 2023,
kajang,5810.0,7135.0,22.8,compared,
kampungbaru,2561.0,3113.0,21.6,compared,
kampungbatu,841.0,1597.0,89.9,compared,
kampungselamat,1170.0,1466.0,25.3,compared,
kayuara,,,,new since 2023,
kelanajaya,2383.0,2490.0,4.5,compared,
kentomen,473.0,1113.0,135.3,compared,
kepongbaru,797.0,1584.0,98.7,compared,
kerinchi,5631.0,6550.0,16.3,compared,
kerjaya,,,,new since 2023,
kinrara,2093.0,2642.0,26.2,compared,
klangjaya,,,,new since 2023,
klcc,20427.0,21710.0,6.3,compared,
klsentral,25539.0,26398.0,3.4,compared,
kotadamansara,3802.0,4609.0,21.2,compared,
kuchai,1155.0,2891.0,150.3,compared,
kwasadamansara,578.0,1760.0,204.5,compared,
kwasasentral,2734.0,3257.0,19.1,compared,
lembahsubang,2863.0,3491.0,21.9,compared,
maharajalela,728.0,1614.0,121.7,compared,
maluri,11837.0,17395.0,47.0,compared,
masjidjamek,15672.0,15786.0,0.7,compared,
medantuanku,3218.0,3618.0,12.4,compared,
merdeka,2007.0,3591.0,78.9,compared,
metroprima,1358.0,2493.0,83.6,compared,
miharja,1135.0,1659.0,46.2,compared,
muhibbah,1390.0,1837.0,32.2,compared,
mutiaradamansara,4218.0,6113.0,44.9,compared,
muziumnegara,8481.0,10987.0,29.5,compared,
pandanindah,2092.0,2485.0,18.8,compared,
pandanjaya,2620.0,3192.0,21.8,compared,
pasarklang,,,,new since 2023,
pasarseni,14888.0,19506.0,31.0,compared,
persiaranklcc,2005.0,4489.0,123.9,compared,
phileodamansara,2395.0,3540.0,47.8,compared,
plazarakyat,2655.0,3708.0,39.7,compared,
puchongperdana,1375.0,1699.0,23.6,compared,
puchongprima,2361.0,2986.0,26.5,compared,
pudu,3725.0,5330.0,43.1,compared,
pusatbandardamansara,1456.0,4994.0,243.0,compared,
pusatbandarpuchong,2131.0,2609.0,22.4,compared,
putraheights,2347.0,3020.0,28.7,compared,
putrajayasentral,1705.0,3268.0,91.7,compared,
putrapermai,351.0,1017.0,189.7,compared,
pwtc,3149.0,5476.0,73.9,compared,
rajachulan,2969.0,3996.0,34.6,compared,
rajauda,679.0,1382.0,103.5,compared,
salakselatan,2357.0,3784.0,60.5,compared,
seksyen7,,,,new since 2023,
semantan,4580.0,5228.0,14.1,compared,
sentul,2074.0,2528.0,21.9,compared,
sentulbarat,919.0,1842.0,100.4,compared,
sentultimur,2696.0,3817.0,41.6,compared,
serdangjaya,355.0,731.0,105.9,compared,
serdangrayaselatan,366.0,830.0,126.8,compared,
serdangrayautara,718.0,1524.0,112.3,compared,
seriandalas,,,,new since 2023,
setiawangsa,3704.0,3892.0,5.1,compared,
sridamansarabarat,848.0,1343.0,58.4,compared,
sridamansarasentral,401.0,744.0,85.5,compared,
sridamansaratimur,660.0,1110.0,68.2,compared,
sridelima,409.0,967.0,136.4,compared,
sripetaling,1071.0,1215.0,13.4,compared,
srirampai,4165.0,4986.0,19.7,compared,
sriraya,1917.0,2363.0,23.3,compared,
ss15,3785.0,4378.0,15.7,compared,
ss18,878.0,1152.0,31.2,compared,
stadiumkajang,2334.0,2881.0,23.4,compared,
stadiumshahalam,,,,new since 2023,
subang,,,,new since 2023,
subangalam,441.0,558.0,26.5,compared,
subangjaya,4772.0,4823.0,1.1,compared,
sultanismail,531.0,1746.0,228.8,compared,
sungaibesi,1846.0,2497.0,35.3,compared,
sungaibuloh,2726.0,3259.0,19.6,compared,
sungaijernih,2576.0,2887.0,12.1,compared,
surian,4944.0,6269.0,26.8,compared,
taipan,1826.0,2356.0,29.0,compared,
tamanbahagia,2328.0,2481.0,6.6,compared,
tamanconnaught,3865.0,5083.0,31.5,compared,
tamanequine,885.0,1607.0,81.6,compared,
tamanjaya,3353.0,4163.0,24.2,compared,
tamanmelati,5209.0,5563.0,6.8,compared,
tamanmidah,2572.0,3484.0,35.5,compared,
tamanmutiara,5137.0,6591.0,28.3,compared,
tamannagaemas,601.0,1362.0,126.6,compared,
tamanparamount,2131.0,2506.0,17.6,compared,
tamanperindustrianpuchong,999.0,1386.0,38.7,compared,
tamanpertama,2387.0,3001.0,25.7,compared,
tamanselatan,,,,new since 2023,
tamansuntex,2621.0,4264.0,62.7,compared,
titiwangsa,4186.0,5067.0,21.0,compared,
ttdi,3719.0,5031.0,35.3,compared,
tunrazakexchange,5116.0,15566.0,204.3,compared,
tunsambanthan,1472.0,2036.0,38.3,compared,
uitmshahalam,,,,new since 2023,
universiti,5825.0,6722.0,15.4,compared,
upm,721.0,1500.0,108.0,compared,
usj21,1240.0,1521.0,22.7,compared,
usj7,1954.0,2198.0,12.5,compared,
wangsamaju,8031.0,8656.0,7.8,compared,
wawasan,1254.0,1547.0,23.4,compared,
