key,work_floor_m2,home_floor_m2,commute_floor_m2,work_building_count
16sierra,0.0,357.0,357.0,0.0
abdullahhukum,267332.0,150416.0,417748.0,11.0
alammegah,0.0,98417.0,98417.0,0.0
alamsutera,0.0,88418.0,88418.0,0.0
ampang,2115.0,217841.0,219956.0,2.0
ampangpark,455761.0,566589.0,1022350.0,9.0
aradamansara,0.0,121924.0,121924.0,0.0
asiajaya,55963.0,127046.0,183009.0,6.0
awanbesar,0.0,83832.0,83832.0,0.0
bandaraya,81982.0,114709.0,196691.0,3.0
bandarbaruklang,0.0,145325.0,145325.0,0.0
bandarbukittinggi,0.0,286988.0,286988.0,0.0
bandarputeri,393.0,31798.0,32191.0,1.0
bandartasikselatan,0.0,124285.0,124285.0,0.0
bandartunhussienonn,690.0,122302.0,122992.0,1.0
bandartunrazak,0.0,322876.0,322876.0,0.0
bandarutama,21523.0,403886.0,425409.0,5.0
bandarutama11,0.0,133033.0,133033.0,0.0
bankrakyatbangsar,8879.0,257783.0,266662.0,3.0
batu11cheras,0.0,67652.0,67652.0,0.0
bukitbintang,140370.0,646344.0,786714.0,7.0
bukitdukung,0.0,73435.0,73435.0,0.0
bukitnanas,11052.0,661380.0,672432.0,4.0
cahaya,0.0,310791.0,310791.0,0.0
cempaka,0.0,408700.0,408700.0,0.0
cgcglenmarie,7623.0,133074.0,140697.0,4.0
chansowlin,11838.0,39299.0,51137.0,1.0
cheras,0.0,148403.0,148403.0,0.0
chowkit,0.0,202314.0,202314.0,0.0
cochrane,0.0,388840.0,388840.0,0.0
conlay,78120.0,1033283.0,1111403.0,4.0
cyberjayacitycentre,0.0,3105.0,3105.0,0.0
cyberjayautara,0.0,26166.0,26166.0,0.0
damai,0.0,399735.0,399735.0,0.0
damansaradamai,0.0,516504.0,516504.0,0.0
damansaraidaman,0.0,151882.0,151882.0,0.0
dangwangi,8360.0,802661.0,811021.0,2.0
datokeramat,1997.0,223027.0,225024.0,1.0
datomenteri,2042.0,129685.0,131727.0,2.0
glenmarie2,2706.0,159421.0,162127.0,3.0
gombak,0.0,114400.0,114400.0,0.0
hangtuah,51207.0,364914.0,416121.0,1.0
hospitalkualalumpur,0.0,14792.0,14792.0,0.0
imbi,74246.0,319206.0,393452.0,2.0
ioipuchongjaya,0.0,21485.0,21485.0,0.0
jalanipoh,0.0,110778.0,110778.0,0.0
jalanmeru,0.0,150381.0,150381.0,0.0
jambatankota,0.0,78033.0,78033.0,0.0
jelatek,0.0,722934.0,722934.0,0.0
jinjang,0.0,145155.0,145155.0,0.0
johansetia,0.0,55774.0,55774.0,0.0
kajang,0.0,545035.0,545035.0,0.0
kampungbaru,186765.0,545264.0,732029.0,3.0
kampungbatu,0.0,181176.0,181176.0,0.0
kampungselamat,0.0,119014.0,119014.0,0.0
kayuara,0.0,193346.0,193346.0,0.0
kelanajaya,0.0,185388.0,185388.0,0.0
kentomen,0.0,275517.0,275517.0,0.0
kepongbaru,0.0,282949.0,282949.0,0.0
kerinchi,411929.0,390234.0,802163.0,3.0
kerjaya,0.0,238731.0,238731.0,0.0
kinrara,0.0,116858.0,116858.0,0.0
klangjaya,0.0,140739.0,140739.0,0.0
klcc,422478.0,579443.0,1001921.0,10.0
klsentral,498631.0,205704.0,704335.0,13.0
kotadamansara,0.0,283350.0,283350.0,0.0
kuchai,0.0,238827.0,238827.0,0.0
kwasadamansara,0.0,74009.0,74009.0,0.0
lembahsubang,0.0,368828.0,368828.0,0.0
maharajalela,235649.0,234791.0,470440.0,2.0
maluri,0.0,335182.0,335182.0,0.0
masjidjamek,29612.0,205930.0,235542.0,4.0
medantuanku,29515.0,313699.0,343214.0,3.0
merdeka,234467.0,169102.0,403569.0,2.0
metroprima,0.0,261327.0,261327.0,0.0
miharja,0.0,54449.0,54449.0,0.0
muhibbah,0.0,390583.0,390583.0,0.0
mutiaradamansara,70928.0,302806.0,373734.0,1.0
muziumnegara,292633.0,40399.0,333032.0,4.0
pandanindah,0.0,421414.0,421414.0,0.0
pandanjaya,0.0,233281.0,233281.0,0.0
pasarklang,0.0,150753.0,150753.0,0.0
pasarseni,31434.0,203220.0,234654.0,7.0
persiaranklcc,415478.0,978955.0,1394433.0,9.0
phileodamansara,99212.0,74498.0,173710.0,11.0
plazarakyat,242045.0,289263.0,531308.0,3.0
puchongperdana,0.0,242390.0,242390.0,0.0
puchongprima,0.0,150457.0,150457.0,0.0
pudu,0.0,210520.0,210520.0,0.0
pusatbandardamansara,56654.0,225421.0,282075.0,2.0
pusatbandarpuchong,1834.0,215412.0,217246.0,5.0
putraheights,0.0,11489.0,11489.0,0.0
putrajayasentral,0.0,149254.0,149254.0,0.0
putrapermai,0.0,248087.0,248087.0,0.0
pwtc,1748.0,240810.0,242558.0,1.0
rajachulan,515269.0,724895.0,1240164.0,14.0
rajauda,55938.0,261257.0,317195.0,4.0
salakselatan,0.0,179953.0,179953.0,0.0
seksyen7,0.0,314281.0,314281.0,0.0
semantan,6171.0,154040.0,160211.0,4.0
sentul,0.0,263601.0,263601.0,0.0
sentulbarat,499.0,169049.0,169548.0,1.0
sentultimur,0.0,217852.0,217852.0,0.0
serdangjaya,0.0,186157.0,186157.0,0.0
serdangrayaselatan,0.0,213048.0,213048.0,0.0
serdangrayautara,7903.0,211209.0,219112.0,1.0
seriandalas,0.0,154554.0,154554.0,0.0
setiawangsa,0.0,668977.0,668977.0,0.0
sridamansarabarat,0.0,28694.0,28694.0,0.0
sridamansarasentral,0.0,210059.0,210059.0,0.0
sridamansaratimur,0.0,261287.0,261287.0,0.0
sridelima,1133.0,407915.0,409048.0,1.0
sripetaling,0.0,100613.0,100613.0,0.0
srirampai,0.0,120115.0,120115.0,0.0
sriraya,0.0,129549.0,129549.0,0.0
ss15,2154.0,147215.0,149369.0,1.0
ss18,0.0,265497.0,265497.0,0.0
stadiumkajang,20419.0,149115.0,169534.0,1.0
stadiumshahalam,0.0,241890.0,241890.0,0.0
subang,67589.0,324376.0,391965.0,3.0
subangalam,0.0,129354.0,129354.0,0.0
subangjaya,0.0,196130.0,196130.0,0.0
sultanismail,46224.0,111719.0,157943.0,5.0
sungaibesi,0.0,179375.0,179375.0,0.0
sungaibuloh,0.0,63546.0,63546.0,0.0
sungaijernih,0.0,69746.0,69746.0,0.0
surian,1065.0,362360.0,363425.0,1.0
taipan,0.0,290040.0,290040.0,0.0
tamanbahagia,0.0,223941.0,223941.0,0.0
tamanconnaught,0.0,486701.0,486701.0,0.0
tamanequine,0.0,373933.0,373933.0,0.0
tamanjaya,9574.0,105797.0,115371.0,5.0
tamanmelati,0.0,643755.0,643755.0,0.0
tamanmidah,0.0,87718.0,87718.0,0.0
tamanmutiara,0.0,428971.0,428971.0,0.0
tamannagaemas,782.0,124562.0,125344.0,1.0
tamanparamount,0.0,262788.0,262788.0,0.0
tamanperindustrianpuchong,83667.0,3983.0,87650.0,2.0
tamanpertama,0.0,286106.0,286106.0,0.0
tamanselatan,0.0,90825.0,90825.0,0.0
tamansuntex,0.0,581385.0,581385.0,0.0
titiwangsa,17669.0,157730.0,175399.0,1.0
ttdi,81426.0,348842.0,430268.0,3.0
tunrazakexchange,733932.0,137884.0,871816.0,7.0
tunsambanthan,966.0,151989.0,152955.0,1.0
uitmshahalam,0.0,30425.0,30425.0,0.0
universiti,299442.0,406148.0,705590.0,1.0
upm,0.0,65344.0,65344.0,0.0
usj21,0.0,118926.0,118926.0,0.0
usj7,0.0,175086.0,175086.0,0.0
wangsamaju,0.0,321927.0,321927.0,0.0
wawasan,0.0,343651.0,343651.0,0.0
