key,residents,entries_per_resident,station_type,income_mean,income_median,income_year
16sierra,1340.0,0.346,Home-end commuter,15906,11131,2024
abdullahhukum,5880.0,2.314,Work-end commuter,13325,10234,2022
alammegah,4140.0,0.36,Home-end commuter,14422,10688,2024
alamsutera,8140.0,0.185,Home-end commuter,14422,10688,2024
ampang,14550.0,0.267,Local neighbourhood,13822,11404,2024
ampangpark,6280.0,3.038,Work-end commuter,13325,10234,2022
aradamansara,3710.0,1.274,Work-end commuter,14422,10688,2024
asiajaya,4340.0,1.179,Work-end commuter,14422,10688,2024
awanbesar,5600.0,0.469,Local neighbourhood,13325,10234,2022
bandaraya,6020.0,0.956,Work-end commuter,13325,10234,2022
bandarbaruklang,2690.0,0.266,Local neighbourhood,10912,8837,2024
bandarbukittinggi,3460.0,0.419,Local neighbourhood,10912,8837,2024
bandarputeri,7350.0,0.217,Home-end commuter,14422,10688,2024
bandartasikselatan,6170.0,0.865,Leisure destination,13325,10234,2022
bandartunhussienonn,5030.0,0.695,Work-end commuter,13822,11404,2024
bandartunrazak,6550.0,0.236,Home-end commuter,13325,10234,2022
bandarutama,8260.0,2.115,Leisure destination,14422,10688,2024
bandarutama11,5430.0,0.076,Local neighbourhood,14422,10688,2024
bankrakyatbangsar,6100.0,1.351,Work-end commuter,13325,10234,2022
batu11cheras,4290.0,0.643,Leisure destination,13822,11404,2024
bukitbintang,7280.0,4.812,Leisure destination,13325,10234,2022
bukitdukung,6040.0,0.411,Home-end commuter,13822,11404,2024
bukitjalil,4760.0,0.639,Leisure destination,13325,10234,2022
bukitnanas,6500.0,0.643,Leisure destination,13325,10234,2022
cahaya,12690.0,0.195,Local neighbourhood,13822,11404,2024
cempaka,12710.0,0.271,Local neighbourhood,13822,11404,2024
cgcglenmarie,3210.0,2.527,Work-end commuter,14422,10688,2024
chansowlin,5310.0,0.553,Leisure destination,13325,10234,2022
cheras,4450.0,0.479,Work-end commuter,13325,10234,2022
chowkit,7580.0,0.473,Leisure destination,13325,10234,2022
cochrane,4900.0,1.857,Leisure destination,13325,10234,2022
conlay,5320.0,0.382,Home-end commuter,13325,10234,2022
cyberjayacitycentre,470.0,,Work-end commuter,15906,11131,2024
cyberjayautara,820.0,1.53,Leisure destination,15906,11131,2024
damai,7190.0,0.252,Local neighbourhood,13325,10234,2022
damansaradamai,5900.0,0.404,Home-end commuter,14422,10688,2024
damansaraidaman,5870.0,0.091,Home-end commuter,14422,10688,2024
dangwangi,6830.0,0.606,Work-end commuter,13325,10234,2022
datokeramat,6560.0,0.218,Local neighbourhood,13325,10234,2022
datomenteri,2840.0,0.371,Home-end commuter,14422,10688,2024
glenmarie2,3400.0,1.936,Work-end commuter,14422,10688,2024
gombak,3580.0,1.199,Work-end commuter,13325,10234,2022
hangtuah,6190.0,1.605,Leisure destination,13325,10234,2022
hospitalkualalumpur,5550.0,0.402,Local neighbourhood,13325,10234,2022
imbi,7240.0,0.704,Leisure destination,13325,10234,2022
ioipuchongjaya,5830.0,0.518,Leisure destination,14422,10688,2024
jalanipoh,6410.0,0.101,Home-end commuter,13325,10234,2022
jalanmeru,2670.0,0.136,Local neighbourhood,10912,8837,2024
jambatankota,2170.0,0.638,Leisure destination,10912,8837,2024
jelatek,6370.0,0.579,Leisure destination,13325,10234,2022
jinjang,7180.0,0.192,Home-end commuter,13325,10234,2022
johansetia,2910.0,0.41,Local neighbourhood,10912,8837,2024
kajang,5410.0,1.319,Work-end commuter,13822,11404,2024
kampungbaru,6660.0,0.467,Local neighbourhood,13325,10234,2022
kampungbatu,7350.0,0.217,Home-end commuter,13325,10234,2022
kampungselamat,6150.0,0.238,Home-end commuter,14422,10688,2024
kayuara,7820.0,0.095,Local neighbourhood,14422,10688,2024
kelanajaya,6420.0,0.388,Home-end commuter,14422,10688,2024
kentomen,8420.0,0.132,Local neighbourhood,13325,10234,2022
kepongbaru,7030.0,0.225,Local neighbourhood,13325,10234,2022
kerinchi,6220.0,1.053,Work-end commuter,13325,10234,2022
kerjaya,4540.0,0.225,Home-end commuter,14422,10688,2024
kinrara,7190.0,0.367,Home-end commuter,14422,10688,2024
klangjaya,4290.0,0.12,Local neighbourhood,10912,8837,2024
klcc,6020.0,3.606,Leisure destination,13325,10234,2022
klsentral,5160.0,5.116,Leisure destination,13325,10234,2022
kotadamansara,5210.0,0.885,Work-end commuter,14422,10688,2024
kuchai,6690.0,0.432,Local neighbourhood,13325,10234,2022
kwasadamansara,1970.0,0.893,Work-end commuter,14422,10688,2024
kwasasentral,1380.0,2.36,Leisure destination,14422,10688,2024
lembahsubang,5060.0,0.69,Work-end commuter,14422,10688,2024
maharajalela,5000.0,0.323,Local neighbourhood,13325,10234,2022
maluri,4790.0,3.632,Leisure destination,13325,10234,2022
masjidjamek,6660.0,2.37,Leisure destination,13325,10234,2022
medantuanku,6820.0,0.53,Leisure destination,13325,10234,2022
merdeka,6140.0,0.585,Work-end commuter,13325,10234,2022
metroprima,6390.0,0.39,Local neighbourhood,13325,10234,2022
miharja,5230.0,0.317,Local neighbourhood,13325,10234,2022
muhibbah,6290.0,0.292,Home-end commuter,13325,10234,2022
mutiaradamansara,6670.0,0.916,Work-end commuter,14422,10688,2024
muziumnegara,4290.0,2.561,Work-end commuter,13325,10234,2022
pandanindah,13010.0,0.191,Local neighbourhood,13822,11404,2024
pandanjaya,8480.0,0.376,Local neighbourhood,13325,10234,2022
pasarklang,2480.0,0.577,Leisure destination,10912,8837,2024
pasarseni,5470.0,3.566,Leisure destination,13325,10234,2022
persiaranklcc,6110.0,0.735,Work-end commuter,13325,10234,2022
phileodamansara,3980.0,0.889,Work-end commuter,14422,10688,2024
plazarakyat,6650.0,0.558,Leisure destination,13325,10234,2022
puchongperdana,7720.0,0.22,Local neighbourhood,14422,10688,2024
puchongprima,6540.0,0.457,Home-end commuter,14422,10688,2024
pudu,5740.0,0.929,Leisure destination,13325,10234,2022
pusatbandardamansara,7580.0,0.659,Work-end commuter,13325,10234,2022
pusatbandarpuchong,7310.0,0.357,Local neighbourhood,14422,10688,2024
putraheights,3040.0,0.993,Work-end commuter,14422,10688,2024
putrajayasentral,90.0,,Leisure destination,13473,10056,2022
putrapermai,4370.0,0.233,Home-end commuter,14422,10688,2024
pwtc,6310.0,0.868,Leisure destination,13325,10234,2022
rajachulan,6330.0,0.631,Work-end commuter,13325,10234,2022
rajauda,6540.0,0.211,Home-end commuter,13325,10234,2022
salakselatan,3470.0,1.09,Work-end commuter,13325,10234,2022
seksyen7,3620.0,0.48,Leisure destination,14422,10688,2024
semantan,6980.0,0.749,Work-end commuter,13325,10234,2022
sentul,5680.0,0.445,Local neighbourhood,13325,10234,2022
sentulbarat,5140.0,0.358,Local neighbourhood,13325,10234,2022
sentultimur,5940.0,0.643,Leisure destination,13325,10234,2022
serdangjaya,8620.0,0.085,Local neighbourhood,14422,10688,2024
serdangrayaselatan,7480.0,0.111,Local neighbourhood,14422,10688,2024
serdangrayautara,6720.0,0.227,Local neighbourhood,14422,10688,2024
seriandalas,3790.0,0.259,Local neighbourhood,10912,8837,2024
setiawangsa,7390.0,0.527,Work-end commuter,14168,10777,2024
sridamansarabarat,5730.0,0.234,Home-end commuter,14422,10688,2024
sridamansarasentral,4570.0,0.163,Home-end commuter,13325,10234,2022
sridamansaratimur,6070.0,0.183,Home-end commuter,13325,10234,2022
sridelima,7310.0,0.132,Local neighbourhood,13325,10234,2022
sripetaling,4630.0,0.262,Home-end commuter,13325,10234,2022
srirampai,7960.0,0.626,Work-end commuter,13325,10234,2022
sriraya,5270.0,0.448,Local neighbourhood,13822,11404,2024
ss15,6580.0,0.665,Work-end commuter,14422,10688,2024
ss18,6720.0,0.171,Home-end commuter,14422,10688,2024
stadiumkajang,5050.0,0.57,Leisure destination,13822,11404,2024
stadiumshahalam,2900.0,0.606,Leisure destination,14422,10688,2024
subang,4080.0,0.139,Home-end commuter,14422,10688,2024
subangalam,4100.0,0.136,Home-end commuter,14422,10688,2024
subangjaya,3590.0,1.343,Work-end commuter,14422,10688,2024
sultanismail,6270.0,0.278,Home-end commuter,13325,10234,2022
sungaibesi,6980.0,0.358,Local neighbourhood,13325,10234,2022
sungaibuloh,5430.0,0.6,Leisure destination,14422,10688,2024
sungaijernih,3200.0,0.902,Work-end commuter,13822,11404,2024
surian,5370.0,1.167,Leisure destination,14422,10688,2024
taipan,6430.0,0.366,Home-end commuter,14422,10688,2024
tamanbahagia,7220.0,0.344,Home-end commuter,14422,10688,2024
tamanconnaught,5940.0,0.856,Work-end commuter,13325,10234,2022
tamanequine,6890.0,0.233,Home-end commuter,14422,10688,2024
tamanjaya,3750.0,1.11,Work-end commuter,14422,10688,2024
tamanmelati,11200.0,0.497,Work-end commuter,13325,10234,2022
tamanmidah,6950.0,0.501,Leisure destination,13325,10234,2022
tamanmutiara,8950.0,0.736,Leisure destination,13325,10234,2022
tamannagaemas,7050.0,0.193,Home-end commuter,13325,10234,2022
tamanparamount,6220.0,0.403,Home-end commuter,14422,10688,2024
tamanperindustrianpuchong,7340.0,0.189,Home-end commuter,14422,10688,2024
tamanpertama,4300.0,0.698,Leisure destination,13325,10234,2022
tamanselatan,3240.0,0.161,Local neighbourhood,10912,8837,2024
tamansuntex,5140.0,0.83,Leisure destination,13822,11404,2024
titiwangsa,6310.0,0.803,Leisure destination,13325,10234,2022
ttdi,5980.0,0.841,Work-end commuter,13325,10234,2022
tunrazakexchange,5630.0,2.765,Leisure destination,13325,10234,2022
tunsambanthan,5090.0,0.4,Home-end commuter,13325,10234,2022
uitmshahalam,3030.0,0.2,Local neighbourhood,14422,10688,2024
universiti,5360.0,1.254,Work-end commuter,13325,10234,2022
upm,7460.0,0.201,Local neighbourhood,14422,10688,2024
usj21,5200.0,0.292,Home-end commuter,14422,10688,2024
usj7,6090.0,0.361,Local neighbourhood,14422,10688,2024
wangsamaju,9820.0,0.881,Work-end commuter,13325,10234,2022
wawasan,6550.0,0.236,Home-end commuter,14422,10688,2024
