key,festival,effect_pct,years
16sierra,Chinese New Year,-30.0,3
16sierra,Christmas and New Year,-17.9,3
16sierra,Deepavali,-17.4,3
16sierra,Hari Raya Aidilfitri,-27.5,4
16sierra,Hari Raya Haji,-40.7,4
16sierra,National Day (Merdeka),-16.5,4
16sierra,Other public holidays,-39.5,4
abdullahhukum,Chinese New Year,-35.5,4
abdullahhukum,Christmas and New Year,-22.7,3
abdullahhukum,Deepavali,-22.0,3
abdullahhukum,Hari Raya Aidilfitri,-30.8,4
abdullahhukum,Hari Raya Haji,-48.7,4
abdullahhukum,National Day (Merdeka),-23.1,4
abdullahhukum,Other public holidays,-46.8,4
alammegah,Chinese New Year,-19.8,4
alammegah,Christmas and New Year,-17.5,3
alammegah,Deepavali,-16.1,3
alammegah,Hari Raya Aidilfitri,-22.4,4
alammegah,Hari Raya Haji,-32.0,4
alammegah,National Day (Merdeka),-6.6,4
alammegah,Other public holidays,-37.3,4
alamsutera,Chinese New Year,-37.3,4
alamsutera,Christmas and New Year,-26.0,3
alamsutera,Deepavali,-28.7,3
alamsutera,Hari Raya Aidilfitri,-32.7,4
alamsutera,Hari Raya Haji,-48.7,4
alamsutera,National Day (Merdeka),-32.2,4
alamsutera,Other public holidays,-46.3,4
ampang,Chinese New Year,-19.0,4
ampang,Christmas and New Year,-13.5,3
ampang,Deepavali,-15.8,3
ampang,Hari Raya Aidilfitri,-26.4,4
ampang,Hari Raya Haji,-43.3,4
ampang,National Day (Merdeka),-20.7,4
ampang,Other public holidays,-31.2,4
ampangpark,Chinese New Year,-34.9,4
ampangpark,Christmas and New Year,-15.2,3
ampangpark,Deepavali,-29.9,3
ampangpark,Hari Raya Aidilfitri,-35.5,4
ampangpark,Hari Raya Haji,-62.5,4
ampangpark,National Day (Merdeka),-32.4,4
ampangpark,Other public holidays,-55.8,4
aradamansara,Chinese New Year,-40.9,4
aradamansara,Christmas and New Year,-33.6,3
aradamansara,Deepavali,-32.8,3
aradamansara,Hari Raya Aidilfitri,-37.3,4
aradamansara,Hari Raya Haji,-53.9,4
aradamansara,National Day (Merdeka),-38.6,4
aradamansara,Other public holidays,-52.9,4
asiajaya,Chinese New Year,-40.9,4
asiajaya,Christmas and New Year,-38.0,3
asiajaya,Deepavali,-38.7,3
asiajaya,Hari Raya Aidilfitri,-42.6,4
asiajaya,Hari Raya Haji,-65.1,4
asiajaya,National Day (Merdeka),-49.0,4
asiajaya,Other public holidays,-61.6,4
awanbesar,Chinese New Year,-33.4,4
awanbesar,Christmas and New Year,-16.2,3
awanbesar,Deepavali,-16.5,3
awanbesar,Hari Raya Aidilfitri,-21.0,4
awanbesar,Hari Raya Haji,-29.2,4
awanbesar,National Day (Merdeka),-17.1,4
awanbesar,Other public holidays,-32.8,4
bandaraya,Chinese New Year,-11.8,4
bandaraya,Christmas and New Year,-1.5,3
bandaraya,Deepavali,-10.7,3
bandaraya,Hari Raya Aidilfitri,-44.2,4
bandaraya,Hari Raya Haji,-56.3,4
bandaraya,National Day (Merdeka),-8.5,4
bandaraya,Other public holidays,-34.1,4
bandarbaruklang,National Day (Merdeka),-18.3,1
bandarbaruklang,Other public holidays,-35.7,1
bandarbukittinggi,National Day (Merdeka),6.8,1
bandarbukittinggi,Other public holidays,-11.4,1
bandarputeri,Chinese New Year,-29.9,4
bandarputeri,Christmas and New Year,-20.3,3
bandarputeri,Deepavali,-15.3,3
bandarputeri,Hari Raya Aidilfitri,-18.4,4
bandarputeri,Hari Raya Haji,-32.1,4
bandarputeri,National Day (Merdeka),-16.9,4
bandarputeri,Other public holidays,-37.2,4
bandartasikselatan,Chinese New Year,17.2,4
bandartasikselatan,Christmas and New Year,10.8,3
bandartasikselatan,Deepavali,12.9,3
bandartasikselatan,Hari Raya Aidilfitri,5.5,4
bandartasikselatan,Hari Raya Haji,-9.2,4
bandartasikselatan,National Day (Merdeka),2.3,4
bandartasikselatan,Other public holidays,-2.0,4
bandartunhussienonn,Chinese New Year,-32.3,4
bandartunhussienonn,Christmas and New Year,-11.5,3
bandartunhussienonn,Deepavali,-15.0,3
bandartunhussienonn,Hari Raya Aidilfitri,-26.5,4
bandartunhussienonn,Hari Raya Haji,-41.1,4
bandartunhussienonn,National Day (Merdeka),-19.4,4
bandartunhussienonn,Other public holidays,-33.1,4
bandartunrazak,Chinese New Year,-21.2,4
bandartunrazak,Christmas and New Year,-15.5,3
bandartunrazak,Deepavali,-19.8,3
bandartunrazak,Hari Raya Aidilfitri,-39.0,4
bandartunrazak,Hari Raya Haji,-49.9,4
bandartunrazak,National Day (Merdeka),-26.2,4
bandartunrazak,Other public holidays,-39.1,4
bandarutama,Chinese New Year,-23.1,4
bandarutama,Christmas and New Year,-1.5,3
bandarutama,Deepavali,-1.4,3
bandarutama,Hari Raya Aidilfitri,-15.6,4
bandarutama,Hari Raya Haji,-23.6,4
bandarutama,National Day (Merdeka),-1.8,4
bandarutama,Other public holidays,-18.4,4
bandarutama11,National Day (Merdeka),-58.0,1
bandarutama11,Other public holidays,-46.0,1
bankrakyatbangsar,Chinese New Year,-26.9,4
bankrakyatbangsar,Christmas and New Year,-25.4,3
bankrakyatbangsar,Deepavali,-27.5,3
bankrakyatbangsar,Hari Raya Aidilfitri,-31.5,4
bankrakyatbangsar,Hari Raya Haji,-47.4,4
bankrakyatbangsar,National Day (Merdeka),-35.5,4
bankrakyatbangsar,Other public holidays,-49.8,4
batu11cheras,Chinese New Year,-25.0,4
batu11cheras,Christmas and New Year,-6.4,3
batu11cheras,Deepavali,-10.0,3
batu11cheras,Hari Raya Aidilfitri,-11.6,4
batu11cheras,Hari Raya Haji,-15.0,4
batu11cheras,National Day (Merdeka),-6.2,4
batu11cheras,Other public holidays,-25.5,4
bukitbintang,Chinese New Year,0.9,4
bukitbintang,Christmas and New Year,31.8,3
bukitbintang,Deepavali,22.5,3
bukitbintang,Hari Raya Aidilfitri,7.6,4
bukitbintang,Hari Raya Haji,9.2,4
bukitbintang,National Day (Merdeka),28.6,4
bukitbintang,Other public holidays,2.3,4
bukitdukung,Chinese New Year,-36.7,4
bukitdukung,Christmas and New Year,-13.3,3
bukitdukung,Deepavali,-17.3,3
bukitdukung,Hari Raya Aidilfitri,-22.5,4
bukitdukung,Hari Raya Haji,-34.9,4
bukitdukung,National Day (Merdeka),-21.1,4
bukitdukung,Other public holidays,-38.1,4
bukitjalil,Chinese New Year,-38.5,4
bukitjalil,Christmas and New Year,-23.7,3
bukitjalil,Deepavali,-27.4,3
bukitjalil,Hari Raya Aidilfitri,-38.9,4
bukitjalil,Hari Raya Haji,-60.2,4
bukitjalil,National Day (Merdeka),19.7,4
bukitjalil,Other public holidays,-46.5,4
bukitnanas,Chinese New Year,-9.7,4
bukitnanas,Christmas and New Year,8.9,3
bukitnanas,Deepavali,0.6,3
bukitnanas,Hari Raya Aidilfitri,-0.6,4
bukitnanas,Hari Raya Haji,-19.0,4
bukitnanas,National Day (Merdeka),-4.4,4
bukitnanas,Other public holidays,-34.6,4
cahaya,Chinese New Year,-19.2,4
cahaya,Christmas and New Year,-9.1,3
cahaya,Deepavali,-12.2,3
cahaya,Hari Raya Aidilfitri,-15.2,4
cahaya,Hari Raya Haji,-28.3,4
cahaya,National Day (Merdeka),-16.1,4
cahaya,Other public holidays,-26.1,4
cempaka,Chinese New Year,-26.0,4
cempaka,Christmas and New Year,-14.5,3
cempaka,Deepavali,-17.0,3
cempaka,Hari Raya Aidilfitri,-28.2,4
cempaka,Hari Raya Haji,-41.2,4
cempaka,National Day (Merdeka),-24.7,4
cempaka,Other public holidays,-32.9,4
cgcglenmarie,Chinese New Year,-35.6,4
cgcglenmarie,Christmas and New Year,-30.2,3
cgcglenmarie,Deepavali,-34.5,3
cgcglenmarie,Hari Raya Aidilfitri,-48.8,4
cgcglenmarie,Hari Raya Haji,-67.6,4
cgcglenmarie,National Day (Merdeka),-41.5,4
cgcglenmarie,Other public holidays,-57.9,4
chansowlin,Chinese New Year,-26.1,4
chansowlin,Christmas and New Year,-7.8,3
chansowlin,Deepavali,-20.5,3
chansowlin,Hari Raya Aidilfitri,-25.2,4
chansowlin,Hari Raya Haji,-36.9,4
chansowlin,National Day (Merdeka),-18.6,4
chansowlin,Other public holidays,-39.5,4
cheras,Chinese New Year,-23.9,4
cheras,Christmas and New Year,-17.5,3
cheras,Deepavali,-20.2,3
cheras,Hari Raya Aidilfitri,-33.5,4
cheras,Hari Raya Haji,-44.1,4
cheras,National Day (Merdeka),-24.9,4
cheras,Other public holidays,-37.7,4
chowkit,Chinese New Year,14.4,4
chowkit,Christmas and New Year,19.6,3
chowkit,Deepavali,18.7,3
chowkit,Hari Raya Aidilfitri,34.8,4
chowkit,Hari Raya Haji,63.2,4
chowkit,National Day (Merdeka),46.3,4
chowkit,Other public holidays,3.3,4
cochrane,Chinese New Year,-8.1,4
cochrane,Christmas and New Year,18.0,3
cochrane,Deepavali,19.7,3
cochrane,Hari Raya Aidilfitri,-10.6,4
cochrane,Hari Raya Haji,-10.8,4
cochrane,National Day (Merdeka),22.1,4
cochrane,Other public holidays,16.0,4
conlay,Chinese New Year,-36.9,3
conlay,Christmas and New Year,-27.9,3
conlay,Deepavali,-29.5,3
conlay,Hari Raya Aidilfitri,-36.0,4
conlay,Hari Raya Haji,-69.5,4
conlay,National Day (Merdeka),-40.7,4
conlay,Other public holidays,-64.9,4
cyberjayacitycentre,Chinese New Year,-20.6,3
cyberjayacitycentre,Christmas and New Year,-19.2,3
cyberjayacitycentre,Deepavali,-21.4,3
cyberjayacitycentre,Hari Raya Aidilfitri,-35.9,4
cyberjayacitycentre,Hari Raya Haji,-35.7,4
cyberjayacitycentre,National Day (Merdeka),-8.7,4
cyberjayacitycentre,Other public holidays,-35.4,4
cyberjayautara,Chinese New Year,-26.2,4
cyberjayautara,Christmas and New Year,-15.5,3
cyberjayautara,Deepavali,-22.8,3
cyberjayautara,Hari Raya Aidilfitri,-41.2,4
cyberjayautara,Hari Raya Haji,-41.8,4
cyberjayautara,National Day (Merdeka),-7.0,4
cyberjayautara,Other public holidays,-32.9,4
damai,Chinese New Year,-17.2,4
damai,Christmas and New Year,-11.9,3
damai,Deepavali,-17.8,3
damai,Hari Raya Aidilfitri,-42.4,4
damai,Hari Raya Haji,-52.6,4
damai,National Day (Merdeka),-29.1,4
damai,Other public holidays,-39.9,4
damansaradamai,Chinese New Year,-20.5,4
damansaradamai,Christmas and New Year,-14.2,3
damansaradamai,Deepavali,-14.0,3
damansaradamai,Hari Raya Aidilfitri,-30.7,4
damansaradamai,Hari Raya Haji,-36.2,4
damansaradamai,National Day (Merdeka),-16.7,4
damansaradamai,Other public holidays,-31.5,4
damansaraidaman,National Day (Merdeka),-52.7,1
damansaraidaman,Other public holidays,-54.4,1
dangwangi,Chinese New Year,-27.3,4
dangwangi,Christmas and New Year,-18.1,3
dangwangi,Deepavali,-24.0,3
dangwangi,Hari Raya Aidilfitri,-38.8,4
dangwangi,Hari Raya Haji,-58.7,4
dangwangi,National Day (Merdeka),-30.7,4
dangwangi,Other public holidays,-55.2,4
datokeramat,Chinese New Year,-16.9,4
datokeramat,Christmas and New Year,-12.7,3
datokeramat,Deepavali,-15.3,3
datokeramat,Hari Raya Aidilfitri,-29.3,4
datokeramat,Hari Raya Haji,-42.0,4
datokeramat,National Day (Merdeka),-20.3,4
datokeramat,Other public holidays,-35.7,4
datomenteri,National Day (Merdeka),-50.1,1
datomenteri,Other public holidays,-56.5,1
glenmarie2,National Day (Merdeka),-47.2,1
glenmarie2,Other public holidays,-53.0,1
gombak,Chinese New Year,-25.0,4
gombak,Christmas and New Year,-9.4,3
gombak,Deepavali,-10.6,3
gombak,Hari Raya Aidilfitri,-45.3,4
gombak,Hari Raya Haji,-57.1,4
gombak,National Day (Merdeka),-24.5,4
gombak,Other public holidays,-37.3,4
hangtuah,Chinese New Year,-12.7,4
hangtuah,Christmas and New Year,16.1,3
hangtuah,Deepavali,8.7,3
hangtuah,Hari Raya Aidilfitri,-8.8,4
hangtuah,Hari Raya Haji,-7.0,4
hangtuah,National Day (Merdeka),12.0,4
hangtuah,Other public holidays,-2.9,4
hospitalkualalumpur,Chinese New Year,-19.6,3
hospitalkualalumpur,Christmas and New Year,-10.8,3
hospitalkualalumpur,Deepavali,18.6,3
hospitalkualalumpur,Hari Raya Aidilfitri,-31.7,4
hospitalkualalumpur,Hari Raya Haji,-34.3,4
hospitalkualalumpur,National Day (Merdeka),-12.2,4
hospitalkualalumpur,Other public holidays,-23.6,4
imbi,Chinese New Year,14.2,4
imbi,Christmas and New Year,30.5,3
imbi,Deepavali,31.7,3
imbi,Hari Raya Aidilfitri,14.1,4
imbi,Hari Raya Haji,26.0,4
imbi,National Day (Merdeka),39.2,4
imbi,Other public holidays,16.8,4
ioipuchongjaya,Chinese New Year,-21.0,4
ioipuchongjaya,Christmas and New Year,-1.9,3
ioipuchongjaya,Deepavali,-0.5,3
ioipuchongjaya,Hari Raya Aidilfitri,-11.7,4
ioipuchongjaya,Hari Raya Haji,-12.2,4
ioipuchongjaya,National Day (Merdeka),9.9,4
ioipuchongjaya,Other public holidays,-14.0,4
jalanipoh,Chinese New Year,-46.9,3
jalanipoh,Christmas and New Year,-33.7,3
jalanipoh,Deepavali,-44.0,3
jalanipoh,Hari Raya Aidilfitri,-45.2,4
jalanipoh,Hari Raya Haji,-58.9,4
jalanipoh,National Day (Merdeka),53.8,4
jalanipoh,Other public holidays,-58.6,4
jalanmeru,National Day (Merdeka),-23.6,1
jalanmeru,Other public holidays,-22.3,1
jambatankota,National Day (Merdeka),10.1,1
jambatankota,Other public holidays,-14.6,1
jelatek,Chinese New Year,-16.1,4
jelatek,Christmas and New Year,-11.3,3
jelatek,Deepavali,-12.2,3
jelatek,Hari Raya Aidilfitri,-28.2,4
jelatek,Hari Raya Haji,-32.3,4
jelatek,National Day (Merdeka),-15.1,4
jelatek,Other public holidays,-32.8,4
jinjang,Chinese New Year,-24.0,4
jinjang,Christmas and New Year,-6.7,3
jinjang,Deepavali,-10.3,3
jinjang,Hari Raya Aidilfitri,-15.4,4
jinjang,Hari Raya Haji,-23.9,4
jinjang,National Day (Merdeka),-9.8,4
jinjang,Other public holidays,-30.8,4
johansetia,National Day (Merdeka),-11.5,1
johansetia,Other public holidays,-27.0,1
kajang,Chinese New Year,-18.9,4
kajang,Christmas and New Year,-8.3,3
kajang,Deepavali,-9.3,3
kajang,Hari Raya Aidilfitri,-29.2,4
kajang,Hari Raya Haji,-38.2,4
kajang,National Day (Merdeka),-14.2,4
kajang,Other public holidays,-30.6,4
kampungbaru,Chinese New Year,3.1,4
kampungbaru,Christmas and New Year,22.1,3
kampungbaru,Deepavali,12.5,3
kampungbaru,Hari Raya Aidilfitri,-17.2,4
kampungbaru,Hari Raya Haji,3.2,4
kampungbaru,National Day (Merdeka),28.3,4
kampungbaru,Other public holidays,-8.7,4
kampungbatu,Chinese New Year,-21.9,4
kampungbatu,Christmas and New Year,-7.8,3
kampungbatu,Deepavali,-14.8,3
kampungbatu,Hari Raya Aidilfitri,-33.0,4
kampungbatu,Hari Raya Haji,-44.4,4
kampungbatu,National Day (Merdeka),-22.6,4
kampungbatu,Other public holidays,-30.5,4
kampungselamat,Chinese New Year,-16.4,4
kampungselamat,Christmas and New Year,-22.3,3
kampungselamat,Deepavali,-16.4,3
kampungselamat,Hari Raya Aidilfitri,-9.4,4
kampungselamat,Hari Raya Haji,-3.4,4
kampungselamat,National Day (Merdeka),0.6,4
kampungselamat,Other public holidays,-30.2,4
kayuara,National Day (Merdeka),-29.9,1
kayuara,Other public holidays,-33.2,1
kelanajaya,Chinese New Year,-36.4,4
kelanajaya,Christmas and New Year,-25.1,3
kelanajaya,Deepavali,-28.3,3
kelanajaya,Hari Raya Aidilfitri,-28.7,4
kelanajaya,Hari Raya Haji,-52.3,4
kelanajaya,National Day (Merdeka),-35.5,4
kelanajaya,Other public holidays,-50.0,4
kentomen,Chinese New Year,-20.5,3
kentomen,Christmas and New Year,-6.2,3
kentomen,Deepavali,-14.9,3
kentomen,Hari Raya Aidilfitri,-14.2,4
kentomen,Hari Raya Haji,-20.5,4
kentomen,National Day (Merdeka),-13.3,4
kentomen,Other public holidays,-26.7,4
kepongbaru,Chinese New Year,-28.2,4
kepongbaru,Christmas and New Year,0.5,3
kepongbaru,Deepavali,-7.6,3
kepongbaru,Hari Raya Aidilfitri,-8.9,4
kepongbaru,Hari Raya Haji,-14.1,4
kepongbaru,National Day (Merdeka),2.6,4
kepongbaru,Other public holidays,-21.7,4
kerinchi,Chinese New Year,-41.7,4
kerinchi,Christmas and New Year,-39.3,3
kerinchi,Deepavali,-42.2,3
kerinchi,Hari Raya Aidilfitri,-45.6,4
kerinchi,Hari Raya Haji,-71.9,4
kerinchi,National Day (Merdeka),-59.2,4
kerinchi,Other public holidays,-70.3,4
kerjaya,National Day (Merdeka),-67.0,1
kerjaya,Other public holidays,-55.7,1
kinrara,Chinese New Year,-35.1,4
kinrara,Christmas and New Year,-21.2,3
kinrara,Deepavali,-25.2,3
kinrara,Hari Raya Aidilfitri,-30.3,4
kinrara,Hari Raya Haji,-47.5,4
kinrara,National Day (Merdeka),-26.9,4
kinrara,Other public holidays,-41.9,4
klangjaya,National Day (Merdeka),-25.0,1
klangjaya,Other public holidays,-27.7,1
klcc,Chinese New Year,-1.9,4
klcc,Christmas and New Year,14.2,3
klcc,Deepavali,0.7,3
klcc,Hari Raya Aidilfitri,4.7,4
klcc,Hari Raya Haji,-9.2,4
klcc,National Day (Merdeka),18.2,4
klcc,Other public holidays,-31.9,4
klsentral,Chinese New Year,-10.6,4
klsentral,Christmas and New Year,-4.1,3
klsentral,Deepavali,-1.2,3
klsentral,Hari Raya Aidilfitri,-13.0,4
klsentral,Hari Raya Haji,-23.3,4
klsentral,National Day (Merdeka),-4.6,4
klsentral,Other public holidays,-23.9,4
kotadamansara,Chinese New Year,-35.4,4
kotadamansara,Christmas and New Year,-30.9,3
kotadamansara,Deepavali,-31.6,3
kotadamansara,Hari Raya Aidilfitri,-37.7,4
kotadamansara,Hari Raya Haji,-47.2,4
kotadamansara,National Day (Merdeka),-30.9,4
kotadamansara,Other public holidays,-45.4,4
kuchai,Chinese New Year,-32.8,3
kuchai,Christmas and New Year,-4.9,3
kuchai,Deepavali,-16.5,3
kuchai,Hari Raya Aidilfitri,-17.5,4
kuchai,Hari Raya Haji,-28.9,4
kuchai,National Day (Merdeka),-18.8,4
kuchai,Other public holidays,-32.3,4
kwasadamansara,Chinese New Year,-19.6,4
kwasadamansara,Christmas and New Year,-18.2,3
kwasadamansara,Deepavali,-19.5,3
kwasadamansara,Hari Raya Aidilfitri,-37.1,4
kwasadamansara,Hari Raya Haji,-42.9,4
kwasadamansara,National Day (Merdeka),-13.3,4
kwasadamansara,Other public holidays,-42.3,4
kwasasentral,Chinese New Year,-11.6,4
kwasasentral,Christmas and New Year,-4.6,3
kwasasentral,Deepavali,-2.1,3
kwasasentral,Hari Raya Aidilfitri,-26.8,4
kwasasentral,Hari Raya Haji,-31.4,4
kwasasentral,National Day (Merdeka),-0.4,4
kwasasentral,Other public holidays,-20.9,4
lembahsubang,Chinese New Year,-38.6,4
lembahsubang,Christmas and New Year,-30.5,3
lembahsubang,Deepavali,-28.5,3
lembahsubang,Hari Raya Aidilfitri,-33.1,4
lembahsubang,Hari Raya Haji,-50.2,4
lembahsubang,National Day (Merdeka),-35.7,4
lembahsubang,Other public holidays,-51.1,4
maharajalela,Chinese New Year,-1.8,4
maharajalela,Christmas and New Year,7.4,3
maharajalela,Deepavali,5.9,3
maharajalela,Hari Raya Aidilfitri,-15.4,4
maharajalela,Hari Raya Haji,-9.1,4
maharajalela,National Day (Merdeka),2.0,4
maharajalela,Other public holidays,-7.8,4
maluri,Chinese New Year,-20.9,4
maluri,Christmas and New Year,1.8,3
maluri,Deepavali,-5.6,3
maluri,Hari Raya Aidilfitri,-13.6,4
maluri,Hari Raya Haji,-18.9,4
maluri,National Day (Merdeka),-5.4,4
maluri,Other public holidays,-17.1,4
masjidjamek,Chinese New Year,-1.5,4
masjidjamek,Christmas and New Year,-3.0,3
masjidjamek,Deepavali,-5.2,3
masjidjamek,Hari Raya Aidilfitri,-11.6,4
masjidjamek,Hari Raya Haji,-8.4,4
masjidjamek,National Day (Merdeka),15.2,4
masjidjamek,Other public holidays,-26.3,4
medantuanku,Chinese New Year,-11.8,4
medantuanku,Christmas and New Year,4.9,3
medantuanku,Deepavali,-9.7,3
medantuanku,Hari Raya Aidilfitri,-29.0,4
medantuanku,Hari Raya Haji,-33.7,4
medantuanku,National Day (Merdeka),-11.8,4
medantuanku,Other public holidays,-28.5,4
merdeka,Chinese New Year,-49.5,4
merdeka,Christmas and New Year,-31.3,3
merdeka,Deepavali,-44.9,3
merdeka,Hari Raya Aidilfitri,-55.5,4
merdeka,Hari Raya Haji,-70.2,4
merdeka,National Day (Merdeka),-36.7,4
merdeka,Other public holidays,-57.6,4
metroprima,Chinese New Year,-22.6,4
metroprima,Christmas and New Year,-1.2,3
metroprima,Deepavali,-6.8,3
metroprima,Hari Raya Aidilfitri,-12.8,4
metroprima,Hari Raya Haji,-20.3,4
metroprima,National Day (Merdeka),-4.0,4
metroprima,Other public holidays,-22.5,4
miharja,Chinese New Year,-20.0,4
miharja,Christmas and New Year,-8.8,3
miharja,Deepavali,-10.0,3
miharja,Hari Raya Aidilfitri,-12.7,4
miharja,Hari Raya Haji,-14.1,4
miharja,National Day (Merdeka),-13.9,4
miharja,Other public holidays,-25.6,4
muhibbah,Chinese New Year,-33.6,4
muhibbah,Christmas and New Year,-21.7,3
muhibbah,Deepavali,-22.7,3
muhibbah,Hari Raya Aidilfitri,-27.6,4
muhibbah,Hari Raya Haji,-40.2,4
muhibbah,National Day (Merdeka),-27.1,4
muhibbah,Other public holidays,-39.6,4
mutiaradamansara,Chinese New Year,-25.2,4
mutiaradamansara,Christmas and New Year,-12.5,3
mutiaradamansara,Deepavali,-15.6,3
mutiaradamansara,Hari Raya Aidilfitri,-27.2,4
mutiaradamansara,Hari Raya Haji,-37.5,4
mutiaradamansara,National Day (Merdeka),-16.9,4
mutiaradamansara,Other public holidays,-35.8,4
muziumnegara,Chinese New Year,-24.2,4
muziumnegara,Christmas and New Year,-19.1,3
muziumnegara,Deepavali,-14.9,3
muziumnegara,Hari Raya Aidilfitri,-27.7,4
muziumnegara,Hari Raya Haji,-49.0,4
muziumnegara,National Day (Merdeka),-22.9,4
muziumnegara,Other public holidays,-38.5,4
pandanindah,Chinese New Year,-23.0,4
pandanindah,Christmas and New Year,-12.9,3
pandanindah,Deepavali,-17.7,3
pandanindah,Hari Raya Aidilfitri,-30.6,4
pandanindah,Hari Raya Haji,-44.8,4
pandanindah,National Day (Merdeka),-23.5,4
pandanindah,Other public holidays,-33.6,4
pandanjaya,Chinese New Year,-23.4,4
pandanjaya,Christmas and New Year,-15.3,3
pandanjaya,Deepavali,-16.9,3
pandanjaya,Hari Raya Aidilfitri,-27.0,4
pandanjaya,Hari Raya Haji,-35.5,4
pandanjaya,National Day (Merdeka),-23.7,4
pandanjaya,Other public holidays,-33.7,4
pasarklang,National Day (Merdeka),-6.9,1
pasarklang,Other public holidays,-24.8,1
pasarseni,Chinese New Year,17.3,4
pasarseni,Christmas and New Year,24.0,3
pasarseni,Deepavali,36.2,3
pasarseni,Hari Raya Aidilfitri,15.3,4
pasarseni,Hari Raya Haji,28.6,4
pasarseni,National Day (Merdeka),43.2,4
pasarseni,Other public holidays,18.4,4
persiaranklcc,Chinese New Year,-33.8,3
persiaranklcc,Christmas and New Year,-20.3,3
persiaranklcc,Deepavali,-33.5,3
persiaranklcc,Hari Raya Aidilfitri,-39.0,4
persiaranklcc,Hari Raya Haji,-60.9,4
persiaranklcc,National Day (Merdeka),12.9,4
persiaranklcc,Other public holidays,-58.1,4
phileodamansara,Chinese New Year,-44.1,4
phileodamansara,Christmas and New Year,-20.6,3
phileodamansara,Deepavali,-29.2,3
phileodamansara,Hari Raya Aidilfitri,-41.9,4
phileodamansara,Hari Raya Haji,-63.6,4
phileodamansara,National Day (Merdeka),-46.9,4
phileodamansara,Other public holidays,-54.7,4
plazarakyat,Chinese New Year,-21.3,4
plazarakyat,Christmas and New Year,-25.1,3
plazarakyat,Deepavali,-31.9,3
plazarakyat,Hari Raya Aidilfitri,-33.0,4
plazarakyat,Hari Raya Haji,-45.3,4
plazarakyat,National Day (Merdeka),-24.9,4
plazarakyat,Other public holidays,-50.7,4
puchongperdana,Chinese New Year,-17.2,4
puchongperdana,Christmas and New Year,-11.7,3
puchongperdana,Deepavali,-13.0,3
puchongperdana,Hari Raya Aidilfitri,-17.5,4
puchongperdana,Hari Raya Haji,-13.9,4
puchongperdana,National Day (Merdeka),-13.4,4
puchongperdana,Other public holidays,-29.7,4
puchongprima,Chinese New Year,-28.6,4
puchongprima,Christmas and New Year,-19.6,3
puchongprima,Deepavali,-20.9,3
puchongprima,Hari Raya Aidilfitri,-29.6,4
puchongprima,Hari Raya Haji,-39.8,4
puchongprima,National Day (Merdeka),-20.5,4
puchongprima,Other public holidays,-41.6,4
pudu,Chinese New Year,-13.4,4
pudu,Christmas and New Year,-3.9,3
pudu,Deepavali,-4.1,3
pudu,Hari Raya Aidilfitri,-4.2,4
pudu,Hari Raya Haji,-1.1,4
pudu,National Day (Merdeka),-4.4,4
pudu,Other public holidays,-16.3,4
pusatbandardamansara,Chinese New Year,-32.8,4
pusatbandardamansara,Christmas and New Year,-27.3,3
pusatbandardamansara,Deepavali,-26.6,3
pusatbandardamansara,Hari Raya Aidilfitri,-29.5,4
pusatbandardamansara,Hari Raya Haji,-51.3,4
pusatbandardamansara,National Day (Merdeka),-33.9,4
pusatbandardamansara,Other public holidays,-51.0,4
pusatbandarpuchong,Chinese New Year,-20.7,4
pusatbandarpuchong,Christmas and New Year,-11.5,3
pusatbandarpuchong,Deepavali,-10.1,3
pusatbandarpuchong,Hari Raya Aidilfitri,-9.1,4
pusatbandarpuchong,Hari Raya Haji,-15.8,4
pusatbandarpuchong,National Day (Merdeka),-8.5,4
pusatbandarpuchong,Other public holidays,-24.0,4
putraheights,Chinese New Year,-22.8,4
putraheights,Christmas and New Year,-15.6,3
putraheights,Deepavali,-17.3,3
putraheights,Hari Raya Aidilfitri,-32.4,4
putraheights,Hari Raya Haji,-37.9,4
putraheights,National Day (Merdeka),-9.9,4
putraheights,Other public holidays,-36.3,4
putrajayasentral,Chinese New Year,-4.0,3
putrajayasentral,Christmas and New Year,-3.9,3
putrajayasentral,Deepavali,-0.4,3
putrajayasentral,Hari Raya Aidilfitri,-26.9,4
putrajayasentral,Hari Raya Haji,-22.6,4
putrajayasentral,National Day (Merdeka),309.1,4
putrajayasentral,Other public holidays,-17.5,4
putrapermai,Chinese New Year,-24.8,3
putrapermai,Christmas and New Year,-12.4,3
putrapermai,Deepavali,-16.1,3
putrapermai,Hari Raya Aidilfitri,-29.3,4
putrapermai,Hari Raya Haji,-32.8,4
putrapermai,National Day (Merdeka),-21.1,4
putrapermai,Other public holidays,-33.0,4
pwtc,Chinese New Year,-3.0,4
pwtc,Christmas and New Year,0.6,3
pwtc,Deepavali,-5.8,3
pwtc,Hari Raya Aidilfitri,-31.1,4
pwtc,Hari Raya Haji,-19.7,4
pwtc,National Day (Merdeka),4.6,4
pwtc,Other public holidays,-0.7,4
rajachulan,Chinese New Year,-31.2,4
rajachulan,Christmas and New Year,-20.9,3
rajachulan,Deepavali,-32.7,3
rajachulan,Hari Raya Aidilfitri,-33.4,4
rajachulan,Hari Raya Haji,-67.7,4
rajachulan,National Day (Merdeka),-51.8,4
rajachulan,Other public holidays,-66.2,4
rajauda,Chinese New Year,-25.2,3
rajauda,Christmas and New Year,-18.9,3
rajauda,Deepavali,-24.5,3
rajauda,Hari Raya Aidilfitri,-43.7,4
rajauda,Hari Raya Haji,-51.2,4
rajauda,National Day (Merdeka),-34.7,4
rajauda,Other public holidays,-46.4,4
salakselatan,Chinese New Year,-24.5,4
salakselatan,Christmas and New Year,-17.6,3
salakselatan,Deepavali,-20.2,3
salakselatan,Hari Raya Aidilfitri,-34.1,4
salakselatan,Hari Raya Haji,-41.1,4
salakselatan,National Day (Merdeka),-26.8,4
salakselatan,Other public holidays,-41.1,4
seksyen7,National Day (Merdeka),-24.9,1
seksyen7,Other public holidays,-27.0,1
semantan,Chinese New Year,-39.8,4
semantan,Christmas and New Year,-34.5,3
semantan,Deepavali,-39.2,3
semantan,Hari Raya Aidilfitri,-43.0,4
semantan,Hari Raya Haji,-72.5,4
semantan,National Day (Merdeka),-58.6,4
semantan,Other public holidays,-67.6,4
sentul,Chinese New Year,-18.9,4
sentul,Christmas and New Year,-13.2,3
sentul,Deepavali,-19.8,3
sentul,Hari Raya Aidilfitri,-40.9,4
sentul,Hari Raya Haji,-37.9,4
sentul,National Day (Merdeka),-18.8,4
sentul,Other public holidays,-36.2,4
sentulbarat,Chinese New Year,-24.2,3
sentulbarat,Christmas and New Year,-14.2,3
sentulbarat,Deepavali,-21.8,3
sentulbarat,Hari Raya Aidilfitri,-23.2,4
sentulbarat,Hari Raya Haji,-36.4,4
sentulbarat,National Day (Merdeka),-24.7,4
sentulbarat,Other public holidays,-35.8,4
sentultimur,Chinese New Year,-19.6,4
sentultimur,Christmas and New Year,-14.1,3
sentultimur,Deepavali,-19.2,3
sentultimur,Hari Raya Aidilfitri,-42.0,4
sentultimur,Hari Raya Haji,-45.2,4
sentultimur,National Day (Merdeka),-19.6,4
sentultimur,Other public holidays,-37.5,4
serdangjaya,Chinese New Year,-22.4,3
serdangjaya,Christmas and New Year,-7.2,3
serdangjaya,Deepavali,-11.1,3
serdangjaya,Hari Raya Aidilfitri,-17.7,4
serdangjaya,Hari Raya Haji,-18.6,4
serdangjaya,National Day (Merdeka),-6.3,4
serdangjaya,Other public holidays,-27.3,4
serdangrayaselatan,Chinese New Year,-16.0,3
serdangrayaselatan,Christmas and New Year,-4.3,3
serdangrayaselatan,Deepavali,-9.3,3
serdangrayaselatan,Hari Raya Aidilfitri,-8.1,4
serdangrayaselatan,Hari Raya Haji,-11.2,4
serdangrayaselatan,National Day (Merdeka),-8.8,4
serdangrayaselatan,Other public holidays,-20.8,4
serdangrayautara,Chinese New Year,-20.0,3
serdangrayautara,Christmas and New Year,-6.0,3
serdangrayautara,Deepavali,-10.8,3
serdangrayautara,Hari Raya Aidilfitri,-12.6,4
serdangrayautara,Hari Raya Haji,-3.3,4
serdangrayautara,National Day (Merdeka),0.5,4
serdangrayautara,Other public holidays,-25.4,4
seriandalas,National Day (Merdeka),-31.2,1
seriandalas,Other public holidays,-41.4,1
setiawangsa,Chinese New Year,-21.1,4
setiawangsa,Christmas and New Year,-20.4,3
setiawangsa,Deepavali,-19.3,3
setiawangsa,Hari Raya Aidilfitri,-42.6,4
setiawangsa,Hari Raya Haji,-55.0,4
setiawangsa,National Day (Merdeka),-27.2,4
setiawangsa,Other public holidays,-39.9,4
sridamansarabarat,Chinese New Year,-31.5,4
sridamansarabarat,Christmas and New Year,-16.3,3
sridamansarabarat,Deepavali,-17.8,3
sridamansarabarat,Hari Raya Aidilfitri,-27.7,4
sridamansarabarat,Hari Raya Haji,-43.3,4
sridamansarabarat,National Day (Merdeka),-18.5,4
sridamansarabarat,Other public holidays,-37.8,4
sridamansarasentral,Chinese New Year,-31.9,4
sridamansarasentral,Christmas and New Year,-11.4,3
sridamansarasentral,Deepavali,-17.9,3
sridamansarasentral,Hari Raya Aidilfitri,-23.0,4
sridamansarasentral,Hari Raya Haji,-34.8,4
sridamansarasentral,National Day (Merdeka),-22.2,4
sridamansarasentral,Other public holidays,-39.2,4
sridamansaratimur,Chinese New Year,-25.5,4
sridamansaratimur,Christmas and New Year,-14.1,3
sridamansaratimur,Deepavali,-16.1,3
sridamansaratimur,Hari Raya Aidilfitri,-14.7,4
sridamansaratimur,Hari Raya Haji,-32.6,4
sridamansaratimur,National Day (Merdeka),-17.8,4
sridamansaratimur,Other public holidays,-36.0,4
sridelima,Chinese New Year,-20.7,4
sridelima,Christmas and New Year,-3.8,3
sridelima,Deepavali,-11.7,3
sridelima,Hari Raya Aidilfitri,-21.5,4
sridelima,Hari Raya Haji,-33.1,4
sridelima,National Day (Merdeka),-11.2,4
sridelima,Other public holidays,-28.7,4
sripetaling,Chinese New Year,-44.8,4
sripetaling,Christmas and New Year,-34.8,3
sripetaling,Deepavali,-36.8,3
sripetaling,Hari Raya Aidilfitri,-38.1,4
sripetaling,Hari Raya Haji,-53.6,4
sripetaling,National Day (Merdeka),-38.2,4
sripetaling,Other public holidays,-51.8,4
srirampai,Chinese New Year,-28.3,4
srirampai,Christmas and New Year,-21.9,3
srirampai,Deepavali,-21.2,3
srirampai,Hari Raya Aidilfitri,-38.2,4
srirampai,Hari Raya Haji,-52.5,4
srirampai,National Day (Merdeka),-27.0,4
srirampai,Other public holidays,-43.9,4
sriraya,Chinese New Year,-29.5,4
sriraya,Christmas and New Year,-15.6,3
sriraya,Deepavali,-18.6,3
sriraya,Hari Raya Aidilfitri,-27.3,4
sriraya,Hari Raya Haji,-41.8,4
sriraya,National Day (Merdeka),-25.4,4
sriraya,Other public holidays,-33.9,4
ss15,Chinese New Year,-42.7,4
ss15,Christmas and New Year,-31.1,3
ss15,Deepavali,-27.2,3
ss15,Hari Raya Aidilfitri,-30.2,4
ss15,Hari Raya Haji,-51.0,4
ss15,National Day (Merdeka),-35.6,4
ss15,Other public holidays,-48.0,4
ss18,Chinese New Year,-36.1,4
ss18,Christmas and New Year,-31.1,3
ss18,Deepavali,-34.6,3
ss18,Hari Raya Aidilfitri,-32.2,4
ss18,Hari Raya Haji,-53.3,4
ss18,National Day (Merdeka),-37.5,4
ss18,Other public holidays,-48.9,4
stadiumkajang,Chinese New Year,1.3,4
stadiumkajang,Christmas and New Year,1.9,3
stadiumkajang,Deepavali,5.8,3
stadiumkajang,Hari Raya Aidilfitri,2.3,4
stadiumkajang,Hari Raya Haji,13.0,4
stadiumkajang,National Day (Merdeka),27.3,4
stadiumkajang,Other public holidays,-6.8,4
stadiumshahalam,National Day (Merdeka),-41.8,1
stadiumshahalam,Other public holidays,-44.2,1
subang,National Day (Merdeka),-67.0,1
subang,Other public holidays,-60.2,1
subangalam,Chinese New Year,-20.7,4
subangalam,Christmas and New Year,-24.3,3
subangalam,Deepavali,-25.5,3
subangalam,Hari Raya Aidilfitri,-27.5,4
subangalam,Hari Raya Haji,-42.6,4
subangalam,National Day (Merdeka),-18.0,4
subangalam,Other public holidays,-46.0,4
subangjaya,Chinese New Year,-32.7,4
subangjaya,Christmas and New Year,-29.5,3
subangjaya,Deepavali,-32.4,3
subangjaya,Hari Raya Aidilfitri,-35.6,4
subangjaya,Hari Raya Haji,-57.2,4
subangjaya,National Day (Merdeka),-40.6,4
subangjaya,Other public holidays,-52.2,4
sultanismail,Chinese New Year,-31.0,4
sultanismail,Christmas and New Year,-35.7,3
sultanismail,Deepavali,-39.9,3
sultanismail,Hari Raya Aidilfitri,-49.5,4
sultanismail,Hari Raya Haji,-61.8,4
sultanismail,National Day (Merdeka),-47.0,4
sultanismail,Other public holidays,-67.0,4
sungaibesi,Chinese New Year,-20.4,4
sungaibesi,Christmas and New Year,-8.8,3
sungaibesi,Deepavali,-12.2,3
sungaibesi,Hari Raya Aidilfitri,-35.7,4
sungaibesi,Hari Raya Haji,-41.6,4
sungaibesi,National Day (Merdeka),-8.1,4
sungaibesi,Other public holidays,-32.9,4
sungaibuloh,Chinese New Year,-6.6,4
sungaibuloh,Christmas and New Year,-4.0,3
sungaibuloh,Deepavali,5.4,3
sungaibuloh,Hari Raya Aidilfitri,-16.1,4
sungaibuloh,Hari Raya Haji,-23.0,4
sungaibuloh,National Day (Merdeka),-1.1,4
sungaibuloh,Other public holidays,-17.6,4
sungaijernih,Chinese New Year,-28.5,4
sungaijernih,Christmas and New Year,-22.2,3
sungaijernih,Deepavali,-23.4,3
sungaijernih,Hari Raya Aidilfitri,-39.6,4
sungaijernih,Hari Raya Haji,-57.4,4
sungaijernih,National Day (Merdeka),-31.2,4
sungaijernih,Other public holidays,-44.8,4
surian,Chinese New Year,-32.1,4
surian,Christmas and New Year,-16.7,3
surian,Deepavali,-15.9,3
surian,Hari Raya Aidilfitri,-24.6,4
surian,Hari Raya Haji,-33.1,4
surian,National Day (Merdeka),-17.1,4
surian,Other public holidays,-28.9,4
taipan,Chinese New Year,-31.9,4
taipan,Christmas and New Year,-24.9,3
taipan,Deepavali,-23.4,3
taipan,Hari Raya Aidilfitri,-24.1,4
taipan,Hari Raya Haji,-37.0,4
taipan,National Day (Merdeka),-30.9,4
taipan,Other public holidays,-41.6,4
tamanbahagia,Chinese New Year,-39.9,4
tamanbahagia,Christmas and New Year,-32.2,3
tamanbahagia,Deepavali,-34.6,3
tamanbahagia,Hari Raya Aidilfitri,-36.7,4
tamanbahagia,Hari Raya Haji,-52.7,4
tamanbahagia,National Day (Merdeka),-40.6,4
tamanbahagia,Other public holidays,-49.5,4
tamanconnaught,Chinese New Year,-37.7,4
tamanconnaught,Christmas and New Year,-18.0,3
tamanconnaught,Deepavali,-19.2,3
tamanconnaught,Hari Raya Aidilfitri,-23.9,4
tamanconnaught,Hari Raya Haji,-33.5,4
tamanconnaught,National Day (Merdeka),-25.4,4
tamanconnaught,Other public holidays,-36.6,4
tamanequine,Chinese New Year,-23.9,3
tamanequine,Christmas and New Year,-7.5,3
tamanequine,Deepavali,-15.5,3
tamanequine,Hari Raya Aidilfitri,-23.1,4
tamanequine,Hari Raya Haji,-30.6,4
tamanequine,National Day (Merdeka),-16.0,4
tamanequine,Other public holidays,-33.1,4
tamanjaya,Chinese New Year,-38.2,4
tamanjaya,Christmas and New Year,-33.7,3
tamanjaya,Deepavali,-37.1,3
tamanjaya,Hari Raya Aidilfitri,-44.3,4
tamanjaya,Hari Raya Haji,-65.9,4
tamanjaya,National Day (Merdeka),-46.5,4
tamanjaya,Other public holidays,-60.2,4
tamanmelati,Chinese New Year,-39.5,4
tamanmelati,Christmas and New Year,-20.2,3
tamanmelati,Deepavali,-30.0,3
tamanmelati,Hari Raya Aidilfitri,-38.5,4
tamanmelati,Hari Raya Haji,-58.6,4
tamanmelati,National Day (Merdeka),-36.2,4
tamanmelati,Other public holidays,-50.8,4
tamanmidah,Chinese New Year,-33.0,4
tamanmidah,Christmas and New Year,-9.1,3
tamanmidah,Deepavali,-17.0,3
tamanmidah,Hari Raya Aidilfitri,-25.4,4
tamanmidah,Hari Raya Haji,-39.9,4
tamanmidah,National Day (Merdeka),-21.2,4
tamanmidah,Other public holidays,-35.3,4
tamanmutiara,Chinese New Year,-28.5,4
tamanmutiara,Christmas and New Year,-2.2,3
tamanmutiara,Deepavali,-8.1,3
tamanmutiara,Hari Raya Aidilfitri,-12.6,4
tamanmutiara,Hari Raya Haji,-18.3,4
tamanmutiara,National Day (Merdeka),-6.7,4
tamanmutiara,Other public holidays,-20.5,4
tamannagaemas,Chinese New Year,-37.6,3
tamannagaemas,Christmas and New Year,-12.4,3
tamannagaemas,Deepavali,-21.9,3
tamannagaemas,Hari Raya Aidilfitri,-21.7,4
tamannagaemas,Hari Raya Haji,-37.4,4
tamannagaemas,National Day (Merdeka),-24.2,4
tamannagaemas,Other public holidays,-39.8,4
tamanparamount,Chinese New Year,-39.7,4
tamanparamount,Christmas and New Year,-25.4,3
tamanparamount,Deepavali,-26.9,3
tamanparamount,Hari Raya Aidilfitri,-30.1,4
tamanparamount,Hari Raya Haji,-51.2,4
tamanparamount,National Day (Merdeka),-35.2,4
tamanparamount,Other public holidays,-45.2,4
tamanperindustrianpuchong,Chinese New Year,-37.3,4
tamanperindustrianpuchong,Christmas and New Year,-24.6,3
tamanperindustrianpuchong,Deepavali,-25.5,3
tamanperindustrianpuchong,Hari Raya Aidilfitri,-28.9,4
tamanperindustrianpuchong,Hari Raya Haji,-48.9,4
tamanperindustrianpuchong,National Day (Merdeka),-37.1,4
tamanperindustrianpuchong,Other public holidays,-48.5,4
tamanpertama,Chinese New Year,-32.5,4
tamanpertama,Christmas and New Year,-14.0,3
tamanpertama,Deepavali,-19.6,3
tamanpertama,Hari Raya Aidilfitri,-21.5,4
tamanpertama,Hari Raya Haji,-33.9,4
tamanpertama,National Day (Merdeka),-16.6,4
tamanpertama,Other public holidays,-31.1,4
tamanselatan,National Day (Merdeka),-48.6,1
tamanselatan,Other public holidays,-45.3,1
tamansuntex,Chinese New Year,-31.6,4
tamansuntex,Christmas and New Year,-12.1,3
tamansuntex,Deepavali,-13.1,3
tamansuntex,Hari Raya Aidilfitri,-17.7,4
tamansuntex,Hari Raya Haji,-29.0,4
tamansuntex,National Day (Merdeka),-14.3,4
tamansuntex,Other public holidays,-29.9,4
titiwangsa,Chinese New Year,-8.9,4
titiwangsa,Christmas and New Year,-2.9,3
titiwangsa,Deepavali,-4.6,3
titiwangsa,Hari Raya Aidilfitri,-19.0,4
titiwangsa,Hari Raya Haji,-20.7,4
titiwangsa,National Day (Merdeka),-8.7,4
titiwangsa,Other public holidays,-24.3,4
ttdi,Chinese New Year,-35.0,4
ttdi,Christmas and New Year,-28.8,3
ttdi,Deepavali,-27.7,3
ttdi,Hari Raya Aidilfitri,-36.0,4
ttdi,Hari Raya Haji,-54.6,4
ttdi,National Day (Merdeka),-34.0,4
ttdi,Other public holidays,-50.2,4
tunrazakexchange,Chinese New Year,-3.3,4
tunrazakexchange,Christmas and New Year,32.7,3
tunrazakexchange,Deepavali,6.2,3
tunrazakexchange,Hari Raya Aidilfitri,-7.4,4
tunrazakexchange,Hari Raya Haji,-20.0,4
tunrazakexchange,National Day (Merdeka),14.7,4
tunrazakexchange,Other public holidays,-4.1,4
tunsambanthan,Chinese New Year,-47.6,4
tunsambanthan,Christmas and New Year,-42.0,3
tunsambanthan,Deepavali,-48.8,3
tunsambanthan,Hari Raya Aidilfitri,-47.2,4
tunsambanthan,Hari Raya Haji,-63.1,4
tunsambanthan,National Day (Merdeka),-46.4,4
tunsambanthan,Other public holidays,-58.8,4
uitmshahalam,National Day (Merdeka),-39.9,1
uitmshahalam,Other public holidays,-43.2,1
universiti,Chinese New Year,-31.9,4
universiti,Christmas and New Year,-22.9,3
universiti,Deepavali,-24.7,3
universiti,Hari Raya Aidilfitri,-40.8,4
universiti,Hari Raya Haji,-53.4,4
universiti,National Day (Merdeka),-33.9,4
universiti,Other public holidays,-46.6,4
upm,Chinese New Year,-33.6,4
upm,Christmas and New Year,2.5,3
upm,Deepavali,-2.1,3
upm,Hari Raya Aidilfitri,-47.3,4
upm,Hari Raya Haji,-49.0,4
upm,National Day (Merdeka),-10.7,4
upm,Other public holidays,-21.8,4
usj21,Chinese New Year,-33.3,4
usj21,Christmas and New Year,-27.4,3
usj21,Deepavali,-27.9,3
usj21,Hari Raya Aidilfitri,-30.4,4
usj21,Hari Raya Haji,-44.6,4
usj21,National Day (Merdeka),-35.9,4
usj21,Other public holidays,-45.4,4
usj7,Chinese New Year,-27.7,4
usj7,Christmas and New Year,-16.8,3
usj7,Deepavali,-16.7,3
usj7,Hari Raya Aidilfitri,-20.7,4
usj7,Hari Raya Haji,-29.8,4
usj7,National Day (Merdeka),-19.9,4
usj7,Other public holidays,-32.9,4
wangsamaju,Chinese New Year,-45.6,4
wangsamaju,Christmas and New Year,-18.1,3
wangsamaju,Deepavali,-28.5,3
wangsamaju,Hari Raya Aidilfitri,-32.7,4
wangsamaju,Hari Raya Haji,-52.4,4
wangsamaju,National Day (Merdeka),-33.2,4
wangsamaju,Other public holidays,-46.2,4
wawasan,Chinese New Year,-27.3,4
wawasan,Christmas and New Year,-20.8,3
wawasan,Deepavali,-18.8,3
wawasan,Hari Raya Aidilfitri,-23.5,4
wawasan,Hari Raya Haji,-39.4,4
wawasan,National Day (Merdeka),-17.5,4
wawasan,Other public holidays,-36.2,4
