key,shops,food,offices,education,healthcare,tourism_leisure,total_places,share_residential,share_commercial,share_industrial,share_green,share_mapped,main_land_use
16sierra,0,0,0,0,0,1,1,0.788,0.01,0.054,0.005,0.843,residential
abdullahhukum,30,26,33,1,6,8,104,0.053,0.368,0.33,0.03,0.707,commercial
alammegah,1,1,0,3,0,1,6,0.58,0.017,0.0,0.058,0.616,residential
alamsutera,4,0,0,0,0,4,8,0.439,0.003,0.385,0.018,0.83,residential
ampang,34,7,3,5,3,0,52,0.419,0.086,0.0,0.037,0.516,residential
ampangpark,48,71,26,2,4,8,159,0.216,0.228,0.011,0.028,0.452,commercial
aradamansara,16,25,3,0,2,0,46,0.136,0.169,0.056,0.007,0.368,commercial
asiajaya,7,17,9,5,1,3,42,0.355,0.059,0.178,0.008,0.59,residential
awanbesar,3,10,1,1,5,2,22,0.352,0.049,0.026,0.005,0.427,residential
bandaraya,187,62,20,5,3,30,307,0.016,0.336,0.0,0.067,0.418,commercial
bandarbaruklang,7,3,1,2,1,0,14,0.477,0.146,0.0,0.023,0.503,residential
bandarbukittinggi,7,8,4,1,3,0,23,0.849,0.279,0.0,0.015,0.849,residential
bandarputeri,4,4,2,0,0,2,12,0.037,0.271,0.225,0.054,0.554,commercial
bandartasikselatan,7,5,0,1,1,1,15,0.352,0.052,0.0,0.008,0.369,residential
bandartunhussienonn,12,5,0,0,0,1,18,0.243,0.033,0.081,0.009,0.347,residential
bandartunrazak,9,1,1,1,1,0,13,0.325,0.045,0.0,0.008,0.378,residential
bandarutama,8,12,3,0,0,3,26,0.198,0.258,0.008,0.024,0.486,commercial
bandarutama11,5,3,1,3,0,0,12,0.331,0.023,0.0,0.03,0.352,residential
bankrakyatbangsar,44,54,16,2,5,5,126,0.207,0.124,0.001,0.025,0.357,residential
batu11cheras,62,11,1,0,5,0,79,0.215,0.085,0.221,0.048,0.558,industrial
bukitbintang,283,337,19,1,7,88,735,0.037,0.395,0.001,0.001,0.435,commercial
bukitdukung,18,1,0,0,0,0,19,0.024,0.003,0.11,0.0,0.137,industrial
bukitjalil,0,1,0,0,0,1,2,0.012,0.007,0.014,0.168,0.201,green
bukitnanas,31,82,17,2,0,16,148,0.08,0.224,0.003,0.1,0.407,commercial
cahaya,8,6,0,1,1,0,16,0.58,0.104,0.0,0.043,0.693,residential
cempaka,8,3,2,0,0,0,13,0.602,0.082,0.012,0.031,0.69,residential
cgcglenmarie,12,3,5,2,0,0,22,0.095,0.109,0.0,0.102,0.3,commercial
chansowlin,17,9,8,2,1,4,41,0.03,0.102,0.362,0.019,0.512,industrial
cheras,8,8,0,0,0,0,16,0.277,0.018,0.351,0.0,0.614,industrial
chowkit,458,148,50,7,23,54,740,0.133,0.377,0.003,0.001,0.51,commercial
cochrane,27,23,2,7,1,3,63,0.104,0.246,0.0,0.056,0.385,commercial
conlay,8,27,13,1,2,10,61,0.233,0.157,0.0,0.055,0.429,residential
cyberjayacitycentre,0,0,0,1,0,0,1,0.014,0.0,0.0,0.0,0.014,not mapped
cyberjayautara,0,0,0,0,0,0,0,0.061,0.0,0.0,0.0,0.061,not mapped
damai,6,2,12,3,1,0,24,0.161,0.002,0.0,0.02,0.183,residential
damansaradamai,19,19,0,0,6,0,44,0.639,0.159,0.019,0.009,0.658,residential
damansaraidaman,12,25,2,0,2,1,42,0.569,0.083,0.003,0.013,0.655,residential
dangwangi,70,103,21,4,2,13,213,0.097,0.313,0.003,0.1,0.512,commercial
datokeramat,6,5,9,5,1,1,27,0.093,0.015,0.0,0.045,0.149,not mapped
datomenteri,29,14,5,0,3,4,55,0.04,0.094,0.0,0.016,0.125,not mapped
glenmarie2,13,2,5,0,0,1,21,0.206,0.114,0.0,0.112,0.42,residential
gombak,2,2,0,0,0,0,4,0.128,0.0,0.0,0.0,0.128,residential
hangtuah,66,93,12,5,3,32,211,0.113,0.293,0.001,0.009,0.408,commercial
hospitalkualalumpur,21,14,12,4,18,2,71,0.019,0.024,0.0,0.091,0.134,not mapped
imbi,237,263,18,1,7,83,609,0.042,0.572,0.001,0.005,0.616,commercial
ioipuchongjaya,83,74,9,0,10,1,177,0.075,0.328,0.082,0.006,0.485,commercial
jalanipoh,17,4,4,2,2,1,30,0.086,0.034,0.24,0.06,0.406,industrial
jalanmeru,3,2,0,3,0,1,9,0.0,0.082,0.0,0.022,0.104,not mapped
jambatankota,26,17,4,0,1,5,53,0.0,0.293,0.0,0.014,0.307,commercial
jelatek,8,3,0,4,1,3,19,0.191,0.022,0.036,0.042,0.267,residential
jinjang,36,10,5,1,6,3,61,0.338,0.17,0.269,0.002,0.692,residential
johansetia,3,2,0,0,0,1,6,0.215,0.067,0.0,0.004,0.225,residential
kajang,10,6,4,3,1,0,24,0.426,0.009,0.0,0.004,0.437,residential
kampungbaru,69,98,17,3,4,9,200,0.395,0.1,0.0,0.011,0.505,residential
kampungbatu,66,20,4,5,3,0,98,0.335,0.145,0.0,0.007,0.417,residential
kampungselamat,4,0,1,0,0,1,6,0.17,0.03,0.323,0.008,0.527,industrial
kayuara,5,7,0,2,0,1,15,0.616,0.06,0.022,0.018,0.638,residential
kelanajaya,9,9,1,1,1,4,25,0.703,0.118,0.0,0.05,0.703,residential
kentomen,91,12,19,1,6,2,131,0.274,0.082,0.017,0.009,0.375,residential
kepongbaru,46,29,4,0,3,3,85,0.35,0.338,0.106,0.015,0.63,residential
kerinchi,17,34,98,5,3,9,166,0.054,0.583,0.15,0.022,0.726,commercial
kerjaya,14,5,5,0,1,1,26,0.02,0.046,0.52,0.0,0.586,industrial
kinrara,7,8,2,2,2,3,24,0.793,0.343,0.0,0.03,0.793,residential
klangjaya,13,4,1,1,1,2,22,0.624,0.191,0.014,0.044,0.738,residential
klcc,58,90,36,3,2,14,203,0.088,0.243,0.011,0.164,0.503,commercial
klsentral,66,70,25,9,4,35,209,0.078,0.54,0.005,0.005,0.604,commercial
kotadamansara,17,12,1,3,1,0,34,0.327,0.138,0.0,0.007,0.465,residential
kuchai,14,7,0,1,1,1,24,0.232,0.116,0.094,0.005,0.438,residential
kwasadamansara,2,0,2,0,1,1,6,0.414,0.068,0.0,0.007,0.486,residential
kwasasentral,1,0,0,0,0,0,1,0.259,0.0,0.0,0.099,0.358,residential
lembahsubang,26,13,15,0,2,0,56,0.429,0.139,0.125,0.017,0.666,residential
maharajalela,79,74,24,4,1,17,199,0.04,0.284,0.0,0.243,0.499,commercial
maluri,38,38,2,2,3,3,86,0.237,0.181,0.04,0.058,0.499,residential
masjidjamek,364,167,33,8,10,57,639,0.0,0.451,0.009,0.06,0.514,commercial
medantuanku,142,155,41,10,5,23,376,0.122,0.419,0.003,0.025,0.568,commercial
merdeka,103,107,25,11,5,31,282,0.043,0.333,0.0,0.092,0.401,commercial
metroprima,33,18,3,0,11,1,66,0.26,0.324,0.177,0.007,0.747,commercial
miharja,7,3,4,2,1,1,18,0.352,0.082,0.32,0.002,0.672,residential
muhibbah,6,3,1,1,1,0,12,0.376,0.002,0.086,0.009,0.47,residential
mutiaradamansara,11,11,2,2,0,5,31,0.549,0.214,0.0,0.038,0.768,residential
muziumnegara,35,34,16,1,2,22,110,0.015,0.31,0.0,0.123,0.444,commercial
pandanindah,4,0,0,0,0,1,5,0.328,0.03,0.0,0.026,0.369,residential
pandanjaya,21,15,0,2,1,1,40,0.397,0.069,0.05,0.015,0.508,residential
pasarklang,8,5,2,0,1,1,17,0.005,0.106,0.0,0.041,0.152,commercial
pasarseni,254,195,31,4,3,51,538,0.003,0.287,0.0,0.037,0.324,commercial
persiaranklcc,34,52,26,1,5,7,125,0.189,0.2,0.011,0.134,0.518,commercial
phileodamansara,3,2,1,0,0,2,8,0.178,0.074,0.0,0.003,0.255,residential
plazarakyat,113,130,31,8,8,41,331,0.062,0.355,0.0,0.046,0.438,commercial
puchongperdana,3,1,0,4,0,6,14,0.0,0.067,0.009,0.076,0.153,not mapped
puchongprima,13,7,0,0,0,0,20,0.307,0.079,0.0,0.028,0.415,residential
pudu,38,48,11,8,13,12,130,0.088,0.286,0.009,0.016,0.398,commercial
pusatbandardamansara,10,10,3,0,0,4,27,0.571,0.177,0.0,0.011,0.724,residential
pusatbandarpuchong,34,14,1,0,6,2,57,0.288,0.399,0.005,0.023,0.702,commercial
putraheights,7,11,1,0,0,2,21,0.81,0.104,0.0,0.072,0.81,residential
putrajayasentral,2,8,0,0,2,0,12,0.783,0.028,0.007,0.0,0.783,residential
putrapermai,8,6,0,0,1,3,18,0.228,0.204,0.0,0.021,0.445,residential
pwtc,327,125,35,5,12,29,533,0.195,0.428,0.001,0.024,0.638,commercial
rajachulan,138,228,19,0,3,42,430,0.089,0.398,0.0,0.005,0.491,commercial
rajauda,34,59,8,4,4,1,110,0.435,0.018,0.001,0.013,0.464,residential
salakselatan,14,3,4,1,0,0,22,0.116,0.1,0.0,0.0,0.216,residential
seksyen7,102,81,0,3,10,9,205,0.17,0.329,0.0,0.029,0.51,commercial
semantan,7,17,4,0,1,1,30,0.527,0.241,0.0,0.0,0.746,residential
sentul,35,18,33,11,9,3,109,0.213,0.089,0.0,0.037,0.334,residential
sentulbarat,37,27,4,0,8,5,81,0.018,0.16,0.0,0.217,0.394,green
sentultimur,14,8,6,3,2,0,33,0.365,0.046,0.0,0.04,0.439,residential
serdangjaya,50,6,2,0,9,3,70,0.529,0.082,0.083,0.002,0.634,residential
serdangrayaselatan,15,9,1,0,1,3,29,0.413,0.198,0.0,0.029,0.594,residential
serdangrayautara,5,7,0,1,3,2,18,0.404,0.174,0.035,0.024,0.502,residential
seriandalas,8,4,0,1,1,0,14,0.343,0.096,0.0,0.016,0.43,residential
setiawangsa,25,14,0,2,0,1,42,0.549,0.062,0.0,0.003,0.578,residential
sridamansarabarat,9,5,1,2,1,2,20,0.066,0.031,0.313,0.008,0.41,industrial
sridamansarasentral,6,1,0,0,0,1,8,0.002,0.019,0.186,0.0,0.207,industrial
sridamansaratimur,1,2,0,1,0,0,4,0.4,0.031,0.099,0.0,0.529,residential
sridelima,46,17,10,1,2,1,77,0.474,0.077,0.011,0.0,0.525,residential
sripetaling,0,0,1,2,1,2,6,0.261,0.0,0.0,0.137,0.395,residential
srirampai,7,14,1,2,1,4,29,0.47,0.049,0.0,0.009,0.518,residential
sriraya,6,1,3,4,1,0,15,0.392,0.017,0.0,0.005,0.405,residential
ss15,98,95,8,4,3,4,212,0.884,0.332,0.0,0.015,0.884,residential
ss18,2,1,0,2,0,0,5,0.918,0.021,0.0,0.03,0.918,residential
stadiumkajang,60,19,7,3,7,7,103,0.09,0.185,0.0,0.019,0.288,commercial
stadiumshahalam,24,24,3,1,5,0,57,0.089,0.157,0.0,0.0,0.246,commercial
subang,5,1,4,0,0,2,12,0.322,0.095,0.0,0.0,0.418,residential
subangalam,1,0,0,1,0,0,2,0.582,0.008,0.0,0.067,0.646,residential
subangjaya,32,25,8,1,2,5,73,0.524,0.207,0.0,0.015,0.583,residential
sultanismail,135,79,26,9,5,22,276,0.148,0.285,0.001,0.088,0.511,commercial
sungaibesi,28,23,4,1,5,3,64,0.149,0.241,0.001,0.058,0.432,commercial
sungaibuloh,1,4,1,1,0,0,7,0.199,0.0,0.0,0.0,0.199,residential
sungaijernih,5,1,0,0,1,0,7,0.017,0.021,0.085,0.0,0.124,not mapped
surian,38,59,8,1,3,1,110,0.056,0.265,0.0,0.024,0.345,commercial
taipan,35,33,0,6,3,4,81,0.862,0.108,0.066,0.036,0.888,residential
tamanbahagia,13,11,1,2,0,3,30,0.384,0.082,0.0,0.024,0.429,residential
tamanconnaught,16,27,0,2,2,1,48,0.199,0.133,0.0,0.002,0.309,residential
tamanequine,5,8,0,0,1,1,15,0.543,0.262,0.0,0.023,0.698,residential
tamanjaya,11,17,11,2,2,3,46,0.13,0.172,0.0,0.113,0.409,commercial
tamanmelati,9,3,1,3,1,0,17,0.834,0.0,0.0,0.023,0.834,residential
tamanmidah,49,21,1,0,5,0,76,0.108,0.138,0.0,0.003,0.249,commercial
tamanmutiara,66,58,5,0,2,7,138,0.792,0.214,0.0,0.019,0.853,residential
tamannagaemas,6,0,2,1,0,0,9,0.077,0.02,0.021,0.0,0.118,not mapped
tamanparamount,12,27,0,1,1,1,42,0.413,0.081,0.0,0.097,0.59,residential
tamanperindustrianpuchong,12,6,5,0,1,3,27,0.027,0.217,0.412,0.036,0.684,industrial
tamanpertama,20,4,2,3,6,1,36,0.14,0.039,0.0,0.002,0.178,residential
tamanselatan,6,5,1,1,1,0,14,0.106,0.073,0.0,0.113,0.274,green
tamansuntex,24,12,0,0,1,0,37,0.607,0.106,0.0,0.005,0.656,residential
titiwangsa,157,76,59,1,23,15,331,0.048,0.287,0.003,0.035,0.37,commercial
ttdi,72,48,36,0,17,2,175,0.071,0.116,0.005,0.096,0.287,commercial
tunrazakexchange,68,55,6,0,0,5,134,0.038,0.536,0.01,0.099,0.6,commercial
tunsambanthan,82,65,20,10,4,27,208,0.068,0.214,0.005,0.07,0.357,commercial
uitmshahalam,0,2,0,0,0,0,2,0.046,0.0,0.21,0.0,0.255,industrial
universiti,22,30,6,2,2,2,64,0.125,0.218,0.0,0.1,0.404,commercial
upm,1,0,0,0,0,2,3,0.218,0.004,0.002,0.096,0.312,residential
usj21,11,3,0,1,1,3,19,0.62,0.113,0.0,0.108,0.778,residential
usj7,9,7,1,2,0,2,21,0.843,0.198,0.063,0.025,0.845,residential
wangsamaju,33,16,2,5,5,2,63,0.77,0.042,0.0,0.038,0.782,residential
wawasan,4,1,0,2,0,4,11,0.838,0.043,0.116,0.05,0.845,residential
